,preds,gold_labels
0,0.7142496705055237,0.5
1,0.8448558449745178,0.7199999809265136
2,0.9214529395103455,1.0
3,0.9999998211860657,0.8399999618530274
4,0.44213688373565674,0.3
5,0.43289828300476074,0.3599999904632568
6,0.903356671333313,0.7
7,0.5606333613395691,0.4400000095367432
8,0.8596303462982178,0.4400000095367432
9,0.4646473824977875,0.3427999973297119
10,0.4646473824977875,0.3427999973297119
11,0.905258297920227,1.0
12,-0.0076822848059237,0.12000000476837158
13,0.7747302651405334,0.8800000190734864
14,0.2715458273887634,0.4
15,0.48288530111312866,0.3599999904632568
16,0.9381308555603027,0.8800000190734864
17,0.9124652743339539,0.7199999809265136
18,0.1622636467218399,0.7199999809265136
19,0.3384224772453308,0.24000000953674316
20,0.4377235174179077,0.48000001907348633
21,0.10049092024564743,0.04000000059604645
22,0.8864749670028687,0.8399999618530274
23,0.959579348564148,0.8800000190734864
24,0.470577210187912,0.45
25,0.9028903245925903,0.4
26,0.42546555399894714,0.15
27,0.49962010979652405,0.4400000095367432
28,0.2661566138267517,0.1600000023841858
29,0.8533760905265808,0.4400000095367432
30,0.8228714466094971,0.6400000095367432
31,0.8134299516677856,0.9600000381469727
32,0.20803314447402954,0.27999999523162844
33,0.9135400056838989,0.85
34,0.5152766704559326,0.6800000190734863
35,0.06149236485362053,0.10659999847412109
36,0.001790268812328577,0.0800000011920929
37,0.4463230073451996,0.24000000953674316
38,0.9230525493621826,1.0
39,0.04200796037912369,0.10759999752044677
40,0.7413370013237,0.75
41,0.8812080025672913,0.6
42,0.8872032761573792,0.7199999809265136
43,0.062183838337659836,0.1
44,0.30887213349342346,0.3
45,0.03755788877606392,0.1600000023841858
46,-0.0029623943846672773,0.1600000023841858
47,0.28167489171028137,0.12000000476837158
48,0.835706353187561,0.8800000190734864
49,0.686859667301178,0.35
50,0.35150963068008423,0.0800000011920929
51,0.41069161891937256,0.27999999523162844
52,0.26215359568595886,0.0800000011920929
53,0.08301205933094025,0.1600000023841858
54,0.42092227935791016,0.4
55,-0.1095600575208664,0.026600000262260438
56,0.8499115705490112,0.8
57,0.13982829451560974,0.05339999794960022
58,0.5297029614448547,0.6800000190734863
59,0.2602526843547821,0.24000000953674316
60,0.9623745679855347,1.0
61,0.18892163038253784,0.0
62,0.9201117157936096,0.7599999904632568
63,0.13032463192939758,0.15
64,0.8524385690689087,0.6800000190734863
65,0.30739814043045044,0.0
66,0.10440684854984283,0.04000000059604645
67,0.6116056442260742,0.8
68,0.15919488668441772,0.1
69,0.8941062688827515,0.7599999904632568
70,0.15851664543151855,0.48000001907348633
71,0.9252042770385742,0.95
72,0.03770987689495087,0.0
73,0.883430004119873,0.75
74,0.6703802943229675,0.5199999809265137
75,0.26917314529418945,0.0
76,0.05501090735197067,0.15
77,0.09949783980846405,0.0
78,0.9174365401268005,0.7599999904632568
79,0.5097792148590088,0.5599999904632569
80,0.14213208854198456,0.0
81,0.20064710080623627,0.1600000023841858
82,0.6808881163597107,0.6
83,0.11499682813882828,0.2
84,0.1932126134634018,0.0
85,0.24137437343597412,0.2
86,0.8140898942947388,0.6800000190734863
87,0.9698392152786255,1.0
88,0.8140086531639099,0.4665999889373779
89,0.32986265420913696,0.27999999523162844
90,0.27732041478157043,0.15
91,0.8541014194488525,0.7076000213623047
92,0.3920423090457916,0.1600000023841858
93,0.8288427591323853,0.7
94,0.6687070727348328,0.4
95,0.7993393540382385,0.95
96,0.8822067975997925,0.8
97,0.31503811478614807,0.9
98,0.4920971691608429,0.3
99,0.7701442241668701,0.48000001907348633
100,0.21880918741226196,0.0
101,0.30161356925964355,0.0800000011920929
102,0.44527843594551086,0.5
103,0.7580850124359131,0.5199999809265137
104,0.8250952363014221,0.7199999809265136
105,0.5887368321418762,0.6
106,-0.08173378556966782,0.0
107,0.459939569234848,0.3200000047683716
108,0.5541730523109436,0.25
109,0.7447589039802551,0.7199999809265136
110,0.7322852611541748,0.4
111,0.7670481204986572,0.7199999809265136
112,0.5887746810913086,0.5599999904632569
113,0.8110409379005432,0.8800000190734864
114,0.06978492438793182,0.0
115,-0.05560581758618355,0.0
116,0.8143463730812073,0.75
117,0.930837094783783,0.5
118,0.07573145627975464,0.0
119,0.13263680040836334,0.1600000023841858
120,0.3113228976726532,0.2
121,0.21846544742584229,0.0
122,0.1604350209236145,0.05
123,0.011105729267001152,0.0800000011920929
124,0.24255496263504028,0.0
125,0.9608981013298035,1.0
126,0.18411913514137268,0.06000000238418579
127,0.8996019959449768,0.55
128,0.9632105827331543,1.0
129,0.7833696603775024,0.85
130,0.8862441778182983,0.6800000190734863
131,0.8243810534477234,0.3200000047683716
132,0.7635480165481567,0.5199999809265137
133,0.9476085901260376,1.0
134,0.7424138188362122,0.6400000095367432
135,0.9185889959335327,0.9600000381469727
136,0.8798503875732422,1.0
137,0.8643866181373596,0.48000001907348633
138,0.34997451305389404,0.4
139,0.9441419243812561,1.0
140,0.9320049285888672,1.0
141,0.5688785314559937,0.6800000190734863
142,0.6640499234199524,0.9
143,0.9072628021240234,0.8399999618530274
144,0.4245312213897705,0.4400000095367432
145,0.346814900636673,0.48000001907348633
146,0.8092889189720154,0.7599999904632568
147,0.4900076687335968,0.5
148,0.5036765933036804,0.4
149,0.21967308223247528,0.15
150,0.44838663935661316,0.4
151,0.31978243589401245,0.4400000095367432
152,0.9566990733146667,0.8
153,0.9209543466567993,0.6400000095367432
154,0.7842714786529541,0.7599999904632568
155,0.9274960160255432,0.75
156,0.01986824907362461,0.1
157,0.18303392827510834,0.1600000023841858
158,0.8247107267379761,1.0
159,0.11460591107606888,0.24000000953674316
160,0.9578676223754883,1.0
161,0.9225818514823914,0.5599999904632569
162,0.5574562549591064,0.24000000953674316
163,0.9310685992240906,0.6400000095367432
164,0.7586990594863892,0.9199999809265137
165,0.9878767132759094,0.8
166,0.9073315262794495,0.7599999904632568
167,0.9025428891181946,0.6800000190734863
168,0.9605705142021179,0.9199999809265137
169,0.7947473526000977,0.5199999809265137
170,0.5635811686515808,0.3599999904632568
171,0.21234185993671417,0.15
172,0.7079668045043945,0.8
173,0.6313937902450562,0.55
174,0.7618919610977173,0.7599999904632568
175,0.7028321623802185,0.5199999809265137
176,0.8913640975952148,0.4
177,0.8071416020393372,0.7599999904632568
178,-0.010547052137553692,0.11660000085830688
179,0.08244442194700241,0.0800000011920929
180,0.08244430273771286,0.05
181,0.5554254651069641,0.5599999904632569
182,0.4679986536502838,0.6400000095367432
183,0.10876702517271042,0.1
184,0.5633631944656372,0.45
185,0.04711494967341423,0.0
186,-0.005981590133160353,0.0
187,-0.00606933981180191,0.06159999966621399
188,0.1562972068786621,0.15
189,0.09034105390310287,0.0800000011920929
190,0.774012565612793,0.8399999618530274
191,0.8261352181434631,0.75
192,0.29569438099861145,0.3200000047683716
193,0.7766968607902527,0.6
194,0.725640594959259,0.8
195,0.758928656578064,0.6
196,0.7074306011199951,0.75
197,0.13745607435703278,0.0800000011920929
198,0.0752962976694107,0.0
199,0.4318789839744568,0.6
200,0.15254393219947815,0.0800000011920929
201,0.003155625658109784,0.0800000011920929
202,0.3483550250530243,0.05
203,0.042654961347579956,0.05
204,0.18616436421871185,0.0800000011920929
205,0.12007586658000946,0.0800000011920929
206,0.6644771099090576,0.6400000095367432
207,0.24147945642471313,0.0
208,0.2799158990383148,0.4400000095367432
209,0.4200321435928345,0.1600000023841858
210,0.15912136435508728,0.1600000023841858
211,0.28292492032051086,0.06000000238418579
212,0.1261185258626938,0.0
213,0.042610589414834976,0.15
214,0.5957697629928589,0.4665999889373779
215,0.3009288012981415,0.2665999889373779
216,0.5137839913368225,0.24000000953674316
217,0.7958545684814453,0.8399999618530274
218,0.8183705806732178,0.7599999904632568
219,0.3950621485710144,0.6
220,0.007521448656916618,0.1
221,0.08297450095415115,0.0
222,0.22487759590148926,0.06660000085830689
223,0.7262736558914185,0.3
224,0.08331592381000519,0.033399999141693115
225,0.19358639419078827,0.1
226,0.7392702698707581,0.25
227,0.28354647755622864,0.3200000047683716
228,0.27236059308052063,0.0
229,0.40024420619010925,0.2
230,0.17468152940273285,0.0
231,0.011815673671662807,0.0
232,0.8133325576782227,0.8
233,0.8576474189758301,0.55
234,0.43397095799446106,0.6665999889373779
235,0.7469708919525146,0.7
236,-0.008275306783616543,0.037599998712539676
237,0.03949553519487381,0.0
238,0.38781264424324036,0.05
239,-0.009308348409831524,0.07279999852180481
240,0.6182951331138611,0.6400000095367432
241,0.025993885472416878,0.0
242,0.21503427624702454,0.0
243,0.15554247796535492,0.0
244,0.6594845056533813,0.35
245,0.09395783394575119,0.0
246,0.5771586298942566,0.55
247,0.699593186378479,0.3599999904632568
248,-0.05996179208159447,0.0
249,0.09245724976062775,0.0
250,0.7047009468078613,0.5599999904632569
251,0.8648804426193237,0.8800000190734864
252,0.581838846206665,0.8
253,0.8343456387519836,0.5199999809265137
254,0.39351627230644226,0.24000000953674316
255,0.8128235936164856,0.6400000095367432
256,-0.03398532047867775,0.1600000023841858
257,0.8169523477554321,0.6800000190734863
258,0.7139591574668884,0.4
259,-0.0641598254442215,0.0
260,0.9559097290039062,0.9199999809265137
261,0.9137614369392395,0.8
262,0.6366065144538879,0.7599999904632568
263,0.7181780338287354,0.8
264,0.3105418384075165,0.5599999904632569
265,0.48067423701286316,0.7199999809265136
266,0.24146340787410736,0.3599999904632568
267,0.8098402619361877,0.7199999809265136
268,0.3134011924266815,0.24000000953674316
269,0.9544887542724609,1.0
270,0.8235774636268616,0.8
271,0.030977576971054077,0.0
272,0.7864338159561157,0.6800000190734863
273,0.7675145864486694,0.8800000190734864
274,0.929193377494812,0.8399999618530274
275,0.9697720408439636,1.0
276,0.263955682516098,0.04000000059604645
277,0.005006617400795221,0.04000000059604645
278,0.7104408740997314,0.8
279,0.6238991022109985,0.5199999809265137
280,0.4262889623641968,0.12000000476837158
281,0.7363162040710449,0.24000000953674316
282,0.6444745063781738,0.7599999904632568
283,0.5627961158752441,0.8399999618530274
284,0.9202421307563782,0.5599999904632569
285,0.49576202034950256,0.8399999618530274
286,0.5395755767822266,0.48000001907348633
287,0.854813814163208,0.7199999809265136
288,0.8043660521507263,0.7599999904632568
289,0.32606497406959534,0.12000000476837158
290,0.9211079478263855,0.9600000381469727
291,0.4291563034057617,0.24000000953674316
292,0.5876033902168274,0.48000001907348633
293,0.9187356233596802,0.8399999618530274
294,0.04484521970152855,0.0
295,0.3506384789943695,0.04000000059604645
296,0.30460047721862793,0.6800000190734863
297,0.6997877359390259,0.6
298,0.8648978471755981,0.6400000095367432
299,0.5983543992042542,0.6
300,0.9791224002838135,0.8800000190734864
301,0.7043468952178955,0.3599999904632568
302,0.4140707552433014,0.4
303,0.9623639583587646,0.9600000381469727
304,0.783726155757904,0.8
305,0.8769813179969788,0.4400000095367432
306,0.8135629892349243,0.8399999618530274
307,0.7022615671157837,0.6800000190734863
308,0.8043472766876221,0.8399999618530274
309,0.7118244171142578,0.6800000190734863
310,0.5154646635055542,0.48000001907348633
311,0.15588098764419556,0.2
312,0.15892012417316437,0.3200000047683716
313,0.3801845908164978,0.6400000095367432
314,0.8234596848487854,0.6800000190734863
315,0.9071680903434753,0.8
316,0.7794250249862671,0.6
317,0.8159013986587524,0.7599999904632568
318,0.05508394166827202,0.0
319,0.20797422528266907,0.0
320,0.8017382621765137,0.5199999809265137
321,0.7092724442481995,0.5199999809265137
322,0.7486908435821533,0.7599999904632568
323,0.7935502529144287,0.5199999809265137
324,0.473291277885437,0.5599999904632569
325,0.18627040088176727,0.0
326,0.7380939722061157,0.5199999809265137
327,0.9325639009475708,0.9199999809265137
328,0.8970900774002075,0.7599999904632568
329,0.761607825756073,0.6800000190734863
330,0.9363721609115601,1.0
331,0.7305917143821716,0.9199999809265137
332,0.7471612691879272,0.6
333,0.8340593576431274,0.4400000095367432
334,0.6809473633766174,0.7599999904632568
335,0.5944621562957764,0.4400000095367432
336,0.848559558391571,0.7199999809265136
337,0.7820520997047424,0.8
338,0.26346445083618164,0.0800000011920929
339,0.2186579406261444,0.0
340,0.9196537733078003,0.7599999904632568
341,0.7351189851760864,1.0
342,0.9860984683036804,0.9600000381469727
343,0.47452738881111145,0.48000001907348633
344,0.5710961818695068,0.5599999904632569
345,0.1214267909526825,0.27999999523162844
346,0.7595996260643005,0.7199999809265136
347,0.1641499102115631,0.0
348,0.5550554394721985,0.8399999618530274
349,0.23037753999233246,0.0800000011920929
350,0.7257612347602844,0.7599999904632568
351,0.9340226650238037,0.8
352,0.2637040615081787,0.24000000953674316
353,0.8866165280342102,0.8
354,0.5668871402740479,0.6
355,0.0962783545255661,0.0
356,0.5575855374336243,0.48000001907348633
357,0.9108642339706421,0.6800000190734863
358,0.15779763460159302,0.1600000023841858
359,0.8680630922317505,0.8399999618530274
360,0.779007613658905,0.8800000190734864
361,0.9187211990356445,0.8
362,0.44068643450737,0.3599999904632568
363,0.6935220956802368,0.5599999904632569
364,0.9302014112472534,1.0
365,0.1965671181678772,0.0
366,0.34667688608169556,0.04000000059604645
367,0.6183412671089172,0.8
368,0.8732936978340149,0.7599999904632568
369,0.9532597064971924,0.8800000190734864
370,0.7942172884941101,0.6400000095367432
371,0.8932569622993469,0.9199999809265137
372,0.009249635972082615,0.0
373,0.28158044815063477,0.2
374,0.42878398299217224,0.1600000023841858
375,0.762503445148468,0.8
376,0.534284770488739,0.3200000047683716
377,-0.07538487762212753,0.0
378,0.38336876034736633,0.6800000190734863
379,0.43761199712753296,0.2
380,0.777339518070221,0.8
381,0.905656099319458,0.6
382,0.6184881329536438,0.6
383,0.2120160311460495,0.15
384,0.6731685400009155,0.6800000190734863
385,0.39730507135391235,0.5599999904632569
386,0.7247470021247864,0.9600000381469727
387,0.5125007033348083,0.27999999523162844
388,0.6329957842826843,0.48000001907348633
389,0.5501701831817627,0.3599999904632568
390,0.9332889914512634,0.9600000381469727
391,0.7529014348983765,0.27999999523162844
392,-0.20270149409770966,0.0800000011920929
393,0.5538151860237122,0.2660000085830688
394,0.505843460559845,0.48000001907348633
395,0.2613712251186371,0.0800000011920929
396,0.08577751368284225,0.12000000476837158
397,0.9453276991844177,0.9600000381469727
398,0.876301646232605,0.5599999904632569
399,0.6370334625244141,0.4
400,0.8353671431541443,0.5199999809265137
401,0.017841389402747154,0.0
402,0.457016259431839,0.48000001907348633
403,0.6197714805603027,0.8
404,0.8170202374458313,0.8
405,0.7187306880950928,0.8
406,-0.10202846676111221,0.0
407,0.5929304957389832,0.6400000095367432
408,0.6226907968521118,0.27999999523162844
409,0.5839670896530151,0.7199999809265136
410,0.6668421626091003,0.8800000190734864
411,0.9715439081192017,1.0
412,0.28652483224868774,0.3599999904632568
413,0.7601258158683777,0.9600000381469727
414,0.32747963070869446,0.12000000476837158
415,0.4115928113460541,0.27999999523162844
416,0.293254017829895,0.04000000059604645
417,0.9410244822502136,0.8399999618530274
418,0.7874699831008911,0.9199999809265137
419,0.8197832703590393,0.8
420,0.8312044739723206,0.9199999809265137
421,0.5063962936401367,0.3599999904632568
422,0.9788503646850586,0.9199999809265137
423,0.13852143287658691,0.04000000059604645
424,0.3655787706375122,0.5199999809265137
425,0.4667818248271942,0.7599999904632568
426,0.25102144479751587,0.0
427,0.9752359986305237,1.0
428,0.6399574875831604,0.7199999809265136
429,0.8773077726364136,0.9199999809265137
430,0.24164050817489624,0.4
431,0.9764621257781982,1.0
432,0.2717052400112152,0.0
433,0.7826135158538818,0.6800000190734863
434,0.16861380636692047,0.0
435,0.4262644946575165,0.4
436,0.7044879794120789,0.4
437,0.9580740332603455,0.9199999809265137
438,0.8262542486190796,0.6
439,0.8076554536819458,0.9199999809265137
440,0.5415506362915039,0.4
441,0.6010849475860596,0.5199999809265137
442,0.18113593757152557,0.0800000011920929
443,0.8840514421463013,0.5199999809265137
444,0.6760879158973694,0.8399999618530274
445,-0.12637801468372345,0.0
446,0.19221395254135132,0.4400000095367432
447,0.8310553431510925,0.8
448,0.11927752196788788,0.0
449,0.3743976950645447,0.4
450,0.8911231160163879,0.6
451,0.7490694522857666,0.5199999809265137
452,0.20616798102855682,0.0
453,0.20019188523292542,0.0
454,0.9862402677536011,0.9600000381469727
455,0.5364135503768921,0.6
456,0.6283615827560425,0.4400000095367432
457,0.8344951868057251,0.8800000190734864
458,0.5014525055885315,0.1600000023841858
459,0.5975751280784607,0.6800000190734863
460,0.10895789414644241,0.0
461,0.4138853847980499,0.12000000476837158
462,0.0993305966258049,0.0
463,0.5235220789909363,0.48000001907348633
464,0.7898216843605042,0.6800000190734863
465,0.6545693278312683,0.8
466,0.4251736104488373,0.4
467,0.8834917545318604,0.8
468,0.9927428960800171,0.9600000381469727
469,0.0035849162377417088,0.12000000476837158
470,0.6020454168319702,0.48000001907348633
471,0.7153518795967102,0.8800000190734864
472,0.4019696116447449,0.48000001907348633
473,0.78749680519104,0.9600000381469727
474,0.575428307056427,0.6800000190734863
475,0.511688768863678,0.5599999904632569
476,0.3486096262931824,0.1600000023841858
477,0.550687849521637,0.4400000095367432
478,0.8269669413566589,0.7599999904632568
479,0.1231740191578865,0.0800000011920929
480,0.9279075264930725,0.9199999809265137
481,0.38434892892837524,0.6
482,0.8615853190422058,0.9199999809265137
483,0.3128196895122528,0.1600000023841858
484,0.9495558738708496,0.8
485,0.15395960211753845,0.24000000953674316
486,0.8073447346687317,0.6400000095367432
487,0.9205171465873718,0.7199999809265136
488,0.64305579662323,0.6800000190734863
489,0.9661875367164612,1.0
490,0.9104017019271851,0.8
491,0.7212089896202087,0.8
492,0.8367017507553101,0.5599999904632569
493,0.6984682083129883,0.7599999904632568
494,0.15520647168159485,0.5199999809265137
495,0.676543116569519,0.4
496,0.23926356434822083,0.1600000023841858
497,0.890923798084259,1.0
498,0.20361973345279694,0.2
499,0.9670257568359375,1.0
500,0.5071549415588379,0.48000001907348633
501,0.7743052840232849,0.4
502,0.23424533009529114,0.4400000095367432
503,0.9111566543579102,0.6800000190734863
504,0.4030803143978119,0.1600000023841858
505,0.8774911165237427,0.9199999809265137
506,0.13737410306930542,0.5599999904632569
507,0.28471654653549194,0.4
508,0.7089211940765381,0.5199999809265137
509,0.020754903554916382,0.04000000059604645
510,0.5361096858978271,0.27999999523162844
511,0.707516074180603,0.3200000047683716
512,0.8399959802627563,0.6400000095367432
513,0.08533655107021332,0.04000000059604645
514,0.637546718120575,0.48000001907348633
515,0.3135301172733307,0.04000000059604645
516,0.6147779226303101,0.27999999523162844
517,0.3327442407608032,0.3599999904632568
518,0.21605175733566284,0.3200000047683716
519,0.7449890971183777,0.7599999904632568
520,0.28189578652381897,0.2
521,0.5829004049301147,0.24000000953674316
522,0.7211341261863708,0.8
523,0.34318506717681885,0.4
524,0.6172599196434021,0.5199999809265137
525,0.5800990462303162,0.7599999904632568
526,0.39009958505630493,0.5199999809265137
527,0.2706524133682251,0.04000000059604645
528,0.5949671268463135,0.6
529,0.509588360786438,0.3599999904632568
530,0.16315022110939026,0.12000000476837158
531,0.27733591198921204,0.12000000476837158
532,0.3807459771633148,0.04000000059604645
533,0.29285725951194763,0.12000000476837158
534,0.5560798645019531,0.04000000059604645
535,0.26115405559539795,0.2
536,0.5716590285301208,0.6800000190734863
537,0.48448893427848816,0.27999999523162844
538,0.4480045437812805,0.4
539,0.366691917181015,0.5599999904632569
540,0.6338318586349487,0.6400000095367432
541,0.5218528509140015,0.1600000023841858
542,0.5909082889556885,0.3599999904632568
543,0.8338896632194519,0.4400000095367432
544,0.6627945303916931,0.8399999618530274
545,0.9764482975006104,1.0
546,0.26374927163124084,0.24000000953674316
547,0.44017285108566284,0.5599999904632569
548,0.7818887233734131,0.8800000190734864
549,0.8740882873535156,0.8800000190734864
550,0.6307066082954407,0.7199999809265136
551,0.3195565640926361,0.24000000953674316
552,0.7733684778213501,0.27999999523162844
553,0.9261675477027893,0.6800000190734863
554,0.6566625833511353,0.1600000023841858
555,0.743738055229187,0.5599999904632569
556,0.815950870513916,0.6400000095367432
557,0.4077088236808777,0.3200000047683716
558,0.9065245985984802,1.0
559,0.7232409715652466,0.7199999809265136
560,0.7221330404281616,0.7199999809265136
561,0.18342077732086182,0.0800000011920929
562,0.6608707904815674,0.3599999904632568
563,0.6205815672874451,0.24000000953674316
564,0.2669386863708496,0.24000000953674316
565,0.7397149801254272,0.4400000095367432
566,1.0,1.0
567,0.7388957738876343,0.5199999809265137
568,0.308549702167511,0.0
569,0.6073386073112488,0.5599999904632569
570,0.4843715727329254,0.6400000095367432
571,0.4675326943397522,0.3200000047683716
572,0.15903940796852112,0.04000000059604645
573,0.658123254776001,0.7599999904632568
574,0.866016685962677,0.8
575,0.594353199005127,0.5599999904632569
576,0.8564527630805969,1.0
577,0.7542537450790405,0.6800000190734863
578,0.5429826974868774,0.5599999904632569
579,0.6854953169822693,0.27999999523162844
580,0.6223090887069702,0.24000000953674316
581,0.8670930862426758,0.6400000095367432
582,0.6872889399528503,0.6
583,0.5191718935966492,0.4400000095367432
584,0.49148932099342346,0.4
585,0.7087090015411377,0.7599999904632568
586,0.36633747816085815,0.3200000047683716
587,0.551155686378479,0.9600000381469727
588,0.5553264617919922,0.24000000953674316
589,0.28507000207901,0.48000001907348633
590,0.6067178249359131,0.3599999904632568
591,0.8124656081199646,0.5199999809265137
592,0.7849001288414001,0.7599999904632568
593,0.4972805082798004,0.24000000953674316
594,0.2975839078426361,0.04000000059604645
595,0.7941884398460388,0.7599999904632568
596,0.4615521728992462,0.48000001907348633
597,0.15149790048599243,0.0800000011920929
598,0.3083365559577942,0.6800000190734863
599,0.8757660984992981,0.8399999618530274
600,0.6172674894332886,0.48000001907348633
601,0.4172841012477875,0.1600000023841858
602,0.503901481628418,0.8800000190734864
603,0.3931072950363159,0.6
604,0.4247905910015106,0.4
605,0.6991342306137085,0.6
606,0.6501255631446838,0.4400000095367432
607,0.17422878742218018,0.3599999904632568
608,0.9160496592521667,0.5599999904632569
609,0.8714472651481628,0.5599999904632569
610,0.9946761131286621,1.0
611,0.6220040917396545,0.4400000095367432
612,0.13164259493350983,0.24000000953674316
613,0.18065935373306274,0.3200000047683716
614,0.5461211800575256,0.5599999904632569
615,0.745265781879425,0.3599999904632568
616,0.5310642123222351,0.5199999809265137
617,0.3658517599105835,0.04000000059604645
618,0.630168616771698,0.48000001907348633
619,0.8703100681304932,0.8399999618530274
620,0.44061627984046936,0.4400000095367432
621,0.709223210811615,0.3200000047683716
622,0.171540766954422,0.1600000023841858
623,0.9697869420051575,1.0
624,0.4767555892467499,0.24000000953674316
625,0.6984946727752686,0.6
626,0.735425591468811,0.6
627,0.2235150933265686,0.0
628,0.4460783302783966,0.0
629,0.33955323696136475,0.4
630,0.3825913369655609,0.0
631,0.9999998807907104,1.0
632,0.7060272693634033,0.6
633,0.6271998882293701,0.4
634,0.4360319972038269,0.0
635,0.36572644114494324,0.4
636,0.8494371175765991,1.0
637,0.6170850396156311,0.2
638,0.5093801617622375,0.8
639,0.858977735042572,0.8
640,0.38766562938690186,0.2
641,0.5833413004875183,0.2
642,0.5625829696655273,0.2
643,0.41247594356536865,0.8
644,0.5081854462623596,0.2
645,0.9781612753868103,1.0
646,0.6633859872817993,0.8
647,0.6362149119377136,0.8
648,0.7901173830032349,0.8
649,0.7424576282501221,0.8
650,0.4518442153930664,0.6
651,0.8827773928642273,0.8
652,0.4189189374446869,0.0
653,0.29368534684181213,0.0
654,0.21976341307163239,0.2
655,0.664057731628418,0.8
656,0.6660728454589844,1.0
657,0.42126259207725525,0.4
658,0.312751829624176,0.8
659,0.15706653892993927,0.0
660,0.36843594908714294,0.4
661,0.6934642195701599,0.2
662,0.1277938336133957,0.0
663,0.4438042938709259,0.4
664,1.0000001192092896,1.0
665,0.3548518419265747,0.2
666,0.7339037656784058,0.6
667,0.4673313796520233,0.4
668,0.9999995827674866,1.0
669,0.5454961657524109,0.4
670,0.6651042699813843,0.2
671,0.8958858847618103,1.0
672,0.45558929443359375,0.0
673,0.8066932559013367,1.0
674,0.7931053042411804,1.0
675,0.2803381085395813,0.0
676,0.682262659072876,0.4
677,0.6811955571174622,0.8
678,0.42790597677230835,0.0
679,0.29903826117515564,0.4
680,0.6272590160369873,0.6
681,0.4583026170730591,0.0
682,0.642696738243103,0.6
683,0.35524386167526245,0.2
684,0.5323566794395447,0.6
685,0.4052715301513672,0.4
686,0.45696917176246643,0.8
687,0.23621027171611786,0.0
688,0.6295626163482666,0.8
689,0.9239985942840576,0.8
690,0.45859456062316895,0.4
691,0.5220657587051392,0.4
692,0.9552930593490601,1.0
693,0.4366956353187561,0.4
694,0.7410328984260559,0.4
695,0.4318406879901886,0.0
696,0.6877437829971313,0.4
697,0.3079608380794525,0.0
698,0.2999992072582245,0.4
699,0.9108272194862366,0.8
700,0.15616601705551147,0.8
701,0.7517845630645752,0.2
702,0.6636943817138672,0.8
703,0.7589269280433655,0.8
704,0.5483194589614868,0.4
705,0.4667455554008484,0.4
706,0.475341796875,0.4
707,0.4396708309650421,0.0
708,0.692048966884613,0.6
709,0.9191722869873047,0.2
710,0.8636558651924133,1.0
711,0.3540670573711395,0.2
712,0.41826415061950684,0.0
713,0.36805257201194763,0.4
714,0.45933443307876587,0.4
715,0.3174668550491333,0.0
716,0.49037086963653564,0.6
717,0.6214748024940491,0.6
718,0.25903138518333435,0.6
719,0.9667044281959534,1.0
720,0.983568012714386,1.0
721,0.3920086622238159,0.8
722,0.5055307745933533,0.2
723,0.6439894437789917,0.0
724,0.6521012187004089,1.0
725,0.16862745583057404,0.0
726,0.47569626569747925,0.8
727,0.9784137606620789,1.0
728,0.2710295617580414,0.6
729,0.644675612449646,0.6
730,0.5432644486427307,0.6
731,0.5426841974258423,0.4
732,0.638197660446167,0.2
733,0.19539394974708557,0.0
734,0.42065566778182983,0.4
735,0.5077649354934692,0.0
736,0.482562392950058,0.4
737,0.8505513668060303,1.0
738,0.353095144033432,0.6
739,0.6749177575111389,0.6
740,0.8527269959449768,1.0
741,0.36032408475875854,0.6
742,0.6503196954727173,0.4
743,0.6466497778892517,0.2
744,0.505986213684082,0.2
745,0.4884347915649414,1.0
746,0.5384411215782166,0.2
747,0.35413411259651184,0.4
748,0.6787542700767517,0.8
749,0.2819397449493408,0.0
750,0.37713709473609924,0.4
751,0.3439158499240875,0.2
752,0.552551805973053,0.6
753,0.5716952085494995,0.2
754,0.4192392826080322,0.2
755,0.6986604332923889,1.0
756,0.9362978935241699,1.0
757,0.2474827915430069,1.0
758,0.5404237508773804,0.0
759,0.34469595551490784,0.8
760,0.9074008464813232,0.8
761,0.3412661552429199,0.0
762,0.30420491099357605,0.0
763,0.687499463558197,0.4
764,0.9121303558349609,0.8
765,0.8930137753486633,1.0
766,0.5185530185699463,0.6
767,0.3744286298751831,0.6
768,0.861204981803894,0.8
769,0.4638802707195282,0.2
770,0.5885053873062134,0.0
771,0.5508562922477722,0.4
772,0.41111963987350464,0.4
773,0.8645159602165222,1.0
774,0.735191822052002,0.8
775,0.5636343359947205,1.0
776,0.4203171133995056,0.2
777,0.2392108142375946,0.0
778,0.433674693107605,0.4
779,0.37933990359306335,0.0
780,0.6663148403167725,0.4
781,0.4160517156124115,0.2
782,1.0000001192092896,1.0
783,0.9784137606620789,1.0
784,0.3271454870700836,0.6
785,0.001046817284077406,0.0
786,0.07332324981689453,0.0
787,0.6814407706260681,0.4
788,0.9999995231628418,1.0
789,0.6410089731216431,0.2
790,0.3579171299934387,0.6
791,0.3236335217952728,0.6
792,0.46936914324760437,0.4
793,0.6162418723106384,0.2
794,0.45428457856178284,0.2
795,0.6075029969215393,0.4
796,0.2991596460342407,0.4
797,1.0000001192092896,0.8
798,0.08281884342432022,0.0
799,0.5819048285484314,0.2
800,0.5315542221069336,0.2
801,0.31060364842414856,0.4
802,0.29177403450012207,0.4
803,0.35442444682121277,0.0
804,0.861571729183197,0.2
805,0.7535784244537354,1.0
806,0.3068316578865051,0.4
807,0.8525121808052063,0.4
808,0.7967957854270935,1.0
809,0.27429765462875366,0.4
810,0.6436888575553894,1.0
811,0.30654847621917725,0.0
812,0.44378504157066345,0.8
813,0.4963282346725464,0.8
814,0.5205203890800476,0.8
815,0.12178203463554382,0.0
816,0.5404438376426697,0.4
817,0.6146697998046875,0.4
818,0.7970502376556396,1.0
819,0.30783432722091675,0.4
820,0.4946925938129425,0.6
821,0.4940205216407776,0.8
822,0.5059491991996765,0.2
823,0.4709080159664154,1.0
824,0.7583153247833252,0.4
825,0.3050769567489624,0.2
826,0.6064870357513428,0.4
827,0.26754775643348694,0.2
828,0.6701323390007019,0.8
829,0.9999998807907104,1.0
830,0.5722757577896118,0.2
831,0.5054952502250671,0.8
832,0.5516308546066284,0.4
833,0.6519993543624878,0.8
834,0.3669741749763489,0.4
835,0.36455038189888,0.8
836,1.0000001192092896,1.0
837,0.12168123573064804,0.0
838,0.27110013365745544,0.0
839,0.5425432324409485,1.0
840,0.6455161571502686,0.8
841,0.6590404510498047,0.2
842,0.7832256555557251,0.8
843,0.8431297540664673,0.8
844,0.9035024642944336,1.0
845,0.8572528958320618,1.0
846,0.45885536074638367,0.8
847,0.428226113319397,0.2
848,0.5327640771865845,0.0
849,0.7268540859222412,0.6
850,0.6976675391197205,0.8
851,0.42137831449508667,0.6
852,0.9079623222351074,1.0
853,0.8570137619972229,1.0
854,0.9027552008628845,1.0
855,0.5727213025093079,0.2
856,0.25628969073295593,0.0
857,0.5894895792007446,0.8
858,0.8371720910072327,0.2
859,0.5692813396453857,0.8
860,0.438058078289032,0.6
861,0.9007580280303955,1.0
862,0.7001155614852905,1.0
863,0.17209333181381226,0.0
864,0.3630933463573456,0.2
865,0.24864549934864044,0.0
866,0.29087328910827637,0.0
867,0.31500691175460815,0.0
868,0.17679059505462646,0.0
869,0.5323452353477478,0.8
870,0.4700579047203064,1.0
871,0.615355908870697,0.2
872,0.688662588596344,0.2
873,0.5613934993743896,0.8
874,0.40804606676101685,0.2
875,0.8582896590232849,1.0
876,0.42521700263023376,0.6
877,0.7537347674369812,1.0
878,0.6835344433784485,1.0
879,0.6178081035614014,0.27999999523162844
880,0.932540774345398,0.7199999809265136
881,0.3979140818119049,0.7
882,0.6673668622970581,0.6400000095367432
883,0.9590134620666504,0.8
884,0.5242870450019836,0.4
885,0.8053945302963257,0.7199999809265136
886,0.6633056402206421,0.8399999618530274
887,0.8909227252006531,0.8
888,0.41031715273857117,0.65
889,0.6773978471755981,0.6800000190734863
890,0.9138043522834778,0.7334000110626221
891,0.8279520273208618,0.75
892,0.4035249650478363,0.24000000953674316
893,0.7912324070930481,0.7599999904632568
894,0.8817344903945923,0.6800000190734863
895,0.8916499614715576,0.6400000095367432
896,0.8431758880615234,0.7199999809265136
897,0.8219102025032043,0.6
898,0.5277942419052124,0.3200000047683716
899,0.7585018873214722,0.6400000095367432
900,0.9022518396377563,0.7599999904632568
901,0.8983034491539001,0.8399999618530274
902,0.6449049115180969,0.6
903,0.7378668785095215,0.8
904,0.9175899624824524,0.95
905,0.706160843372345,0.7065999984741211
906,0.5451995134353638,0.25
907,0.7770934104919434,0.8
908,0.8016353845596313,0.6
909,0.6685687303543091,0.5199999809265137
910,0.8302088379859924,0.7
911,0.6693312525749207,0.3
912,0.5149518847465515,0.4
913,0.6171063780784607,0.7
914,0.6761218905448914,0.6
915,0.963248074054718,0.95
916,0.6997818350791931,0.6800000190734863
917,0.7892075181007385,0.6800000190734863
918,0.8935026526451111,0.85
919,0.8574404716491699,0.7599999904632568
920,0.68209308385849,0.6
921,0.6653963327407837,0.6
922,0.9524025917053223,0.9199999809265137
923,0.6852394342422485,0.6
924,0.9180447459220886,0.85
925,0.4927229583263397,0.3599999904632568
926,0.7924637198448181,0.5599999904632569
927,0.2662460207939148,0.25
928,0.874281108379364,0.75
929,0.7602934241294861,0.75
930,0.7634915709495544,0.75
931,0.8787084817886353,0.7
932,0.8266561031341553,0.9199999809265137
933,0.5358248949050903,0.65
934,0.608799934387207,0.2665999889373779
935,0.49871453642845154,0.5
936,0.6592128276824951,0.65
937,0.7584860324859619,0.6
938,0.6408649682998657,0.7199999809265136
939,0.5390674471855164,0.4400000095367432
940,0.9203769564628601,0.9600000381469727
941,0.8800351619720459,0.8
942,0.6888463497161865,0.6800000190734863
943,0.6463227272033691,0.6400000095367432
944,0.37716442346572876,0.5
945,0.8719148635864258,0.65
946,0.8118197917938232,0.7599999904632568
947,0.7710635662078857,0.8800000190734864
948,0.5542866587638855,0.7
949,0.7020692825317383,0.3
950,0.7026056051254272,0.5599999904632569
951,0.7222193479537964,0.7199999809265136
952,0.7889115214347839,0.8399999618530274
953,0.8306028842926025,0.6
954,0.750476598739624,0.6
955,0.47380179166793823,0.3200000047683716
956,0.6246384382247925,0.8
957,0.5071725249290466,0.2665999889373779
958,0.844311535358429,0.7199999809265136
959,0.8060182332992554,0.6
960,0.680479109287262,0.6
961,0.7170427441596985,0.7
962,0.7536633610725403,0.8
963,0.6031862497329712,0.4400000095367432
964,0.8316255211830139,0.6800000190734863
965,0.7562947273254395,0.7
966,0.8956615328788757,0.85
967,0.8281658887863159,0.5199999809265137
968,0.7497645020484924,0.6
969,0.5348985195159912,0.48000001907348633
970,0.8367322087287903,0.7599999904632568
971,0.7404870986938477,0.6
972,0.7744020223617554,0.7
973,0.7968246340751648,0.7
974,0.6187580823898315,0.75
975,0.7131021022796631,0.45
976,0.2886594533920288,0.65
977,0.9511029720306396,0.9600000381469727
978,0.8903073072433472,0.7599999904632568
979,0.6522610187530518,0.6800000190734863
980,0.7954540848731995,0.4
981,0.9213564991950989,0.9199999809265137
982,0.47157418727874756,0.7
983,0.18096762895584106,0.6665999889373779
984,0.6215131878852844,0.533400011062622
985,0.4967641830444336,0.6400000095367432
986,0.6682845950126648,0.7599999904632568
987,0.784679114818573,0.6800000190734863
988,0.5619932413101196,0.6800000190734863
989,0.5688626170158386,0.7199999809265136
990,0.9410465359687805,0.7599999904632568
991,0.5315635800361633,0.3599999904632568
992,0.7515814304351807,0.6400000095367432
993,0.7047206163406372,0.6
994,0.6348844170570374,0.3599999904632568
995,0.5890851020812988,0.55
996,0.6298718452453613,0.3200000047683716
997,0.8060920238494873,0.55
998,0.8283249139785767,0.65
999,0.5632280111312866,0.45
1000,0.7918478846549988,0.6
1001,0.7697966694831848,0.6363999843597412
1002,0.4616089463233948,0.75
1003,0.7718706727027893,0.5199999809265137
1004,0.4697684645652771,0.25
1005,0.708825945854187,0.5
1006,0.871720552444458,0.8399999618530274
1007,0.4676596522331238,0.5199999809265137
1008,0.5115172863006592,0.27999999523162844
1009,0.825115978717804,0.7199999809265136
1010,0.8447202444076538,0.6
1011,0.6205853819847107,0.7
1012,0.9365350604057312,1.0
1013,0.718248724937439,0.6
1014,0.7629120349884033,0.7599999904632568
1015,0.7866978049278259,0.7599999904632568
1016,0.9229633808135986,0.8444000244140625
1017,0.6944918036460876,0.5
1018,0.9791147708892822,1.0
1019,0.5509063005447388,0.8
1020,0.5797030329704285,0.7199999809265136
1021,0.675380289554596,0.8399999618530274
1022,0.7762676477432251,0.6800000190734863
1023,0.5397146940231323,0.5199999809265137
1024,0.8640841245651245,0.7199999809265136
1025,0.6701825857162476,0.8
1026,0.6598333120346069,0.7
1027,0.6309918761253357,0.3
1028,0.8760820031166077,0.7
1029,0.33653703331947327,0.35
1030,0.9035664200782776,0.75
1031,0.8026189208030701,0.9600000381469727
1032,0.664747416973114,0.6800000190734863
1033,0.6266881227493286,0.5199999809265137
1034,0.9714855551719666,0.8800000190734864
1035,0.6537251472473145,0.7199999809265136
1036,0.7738447785377502,0.7199999809265136
1037,0.8272436857223511,0.8
1038,0.8784387707710266,0.9
1039,0.9615331888198853,1.0
1040,0.7574787139892578,0.6800000190734863
1041,0.7308799028396606,0.75
1042,0.6736371517181396,0.635200023651123
1043,0.6979076266288757,0.7199999809265136
1044,0.8888543844223022,0.6400000095367432
1045,0.573006272315979,0.7
1046,0.7071099877357483,0.3799999952316284
1047,0.6366455554962158,0.6
1048,0.8873315453529358,0.7199999809265136
1049,0.8413590788841248,0.75
1050,0.6693392395973206,0.7199999809265136
1051,0.8656062483787537,0.75
1052,0.8031686544418335,0.6665999889373779
1053,0.5140107274055481,0.5199999809265137
1054,0.9303445816040039,0.3599999904632568
1055,0.9418518543243408,0.7199999809265136
1056,0.7597393989562988,0.8800000190734864
1057,0.7756222486495972,0.6
1058,0.8021846413612366,0.8
1059,0.8509669303894043,0.65
1060,0.5327306985855103,0.6
1061,0.5521138906478882,0.5199999809265137
1062,0.5569663047790527,0.5199999809265137
1063,0.5659027099609375,0.9199999809265137
1064,0.6068882346153259,0.55
1065,0.7077403664588928,0.4400000095367432
1066,0.766345739364624,0.6665999889373779
1067,0.42296555638313293,0.5538000106811524
1068,0.6063186526298523,0.5599999904632569
1069,0.67298823595047,0.8
1070,0.9898704886436462,0.9465999603271484
1071,0.4367113709449768,0.3200000047683716
1072,0.6638813018798828,0.75
1073,0.34955722093582153,0.1
1074,0.6576884984970093,0.65
1075,0.8015750646591187,0.48000001907348633
1076,0.9575505256652832,0.6400000095367432
1077,0.8001887202262878,0.75
1078,0.754985511302948,0.65
1079,0.27382776141166687,0.48000001907348633
1080,0.8809332251548767,0.9
1081,0.9115707874298096,0.8
1082,0.742479145526886,0.7599999904632568
1083,0.26019975543022156,0.1600000023841858
1084,0.573379635810852,0.6
1085,0.7049622535705566,0.7
1086,0.7511232495307922,0.4
1087,0.3691970705986023,0.5599999904632569
1088,0.7187338471412659,0.4
1089,0.8664171099662781,0.6
1090,0.7600188851356506,0.7
1091,0.9002846479415894,1.0
1092,0.8913547992706299,0.65
1093,0.8454047441482544,0.6800000190734863
1094,0.7191094756126404,0.6800000190734863
1095,0.6723831295967102,0.75
1096,0.8478142619132996,0.55
1097,0.75462806224823,0.6400000095367432
1098,0.8336799740791321,0.5199999809265137
1099,0.604386568069458,0.3200000047683716
1100,0.5679475665092468,0.5
1101,0.7848736047744751,0.6800000190734863
1102,0.8075382709503174,0.8
1103,0.866836428642273,0.85
1104,0.7741000056266785,0.8
1105,0.7972291707992554,0.6800000190734863
1106,0.6310182213783264,0.5599999904632569
1107,0.4974301755428314,0.3200000047683716
1108,0.6172055602073669,0.7599999904632568
1109,0.700549304485321,0.533400011062622
1110,0.324209988117218,0.24000000953674316
1111,0.9083152413368225,0.9600000381469727
1112,0.8050200343132019,0.6
1113,0.9563161134719849,0.8
1114,0.6621509790420532,0.8
1115,0.7447553873062134,0.55
1116,0.7815448641777039,0.45
1117,0.8037198185920715,0.6400000095367432
1118,0.8152795433998108,0.95
1119,0.7076095938682556,0.5599999904632569
1120,0.5747876167297363,0.27999999523162844
1121,-0.02978498302400112,0.15
1122,0.8857036232948303,0.7334000110626221
1123,0.7697263956069946,0.6800000190734863
1124,0.6386017203330994,0.6800000190734863
1125,0.8736010193824768,0.7714000225067139
1126,0.6236715316772461,0.6
1127,0.7546312212944031,0.7
1128,0.8051090240478516,0.65
1129,0.7441416382789612,0.27999999523162844
1130,0.20797234773635864,0.15
1131,0.8167452216148376,0.6800000190734863
1132,0.8081551790237427,0.9600000381469727
1133,0.3015436828136444,0.0800000011920929
1134,0.4509015679359436,0.3599999904632568
1135,0.5597980618476868,0.48000001907348633
1136,0.6070395708084106,0.3200000047683716
1137,0.8137484788894653,0.6400000095367432
1138,0.35056665539741516,0.0800000011920929
1139,0.9706027507781982,0.8
1140,0.4423259496688843,0.1600000023841858
1141,0.421175092458725,0.27999999523162844
1142,0.5869685411453247,0.3599999904632568
1143,0.606425940990448,0.4400000095367432
1144,0.7479608058929443,0.6400000095367432
1145,0.5148890018463135,0.24000000953674316
1146,0.5222316384315491,0.25
1147,0.8528071045875549,0.8399999618530274
1148,0.8907774090766907,0.5199999809265137
1149,0.8713378310203552,0.7199999809265136
1150,0.22360539436340332,0.0800000011920929
1151,-0.08491268008947372,0.0
1152,0.9908902049064636,1.0
1153,0.8232077360153198,0.8800000190734864
1154,0.957530677318573,0.9600000381469727
1155,0.9135367274284363,0.7199999809265136
1156,0.6256248354911804,0.7599999904632568
1157,0.2449255883693695,0.04000000059604645
1158,0.7226307392120361,0.7599999904632568
1159,0.5761981010437012,0.4400000095367432
1160,0.8614518642425537,0.8
1161,0.85480797290802,0.5199999809265137
1162,0.3571516275405884,0.12000000476837158
1163,0.9361588954925537,0.8800000190734864
1164,0.6319608688354492,0.8
1165,0.4062883257865906,0.1600000023841858
1166,0.7236517071723938,0.4
1167,0.3534107208251953,0.27999999523162844
1168,0.8444334864616394,0.6
1169,0.3496929109096527,0.12000000476837158
1170,0.3347119688987732,0.4
1171,0.8435071706771851,0.9199999809265137
1172,0.5767730474472046,0.27999999523162844
1173,0.8364284038543701,0.9
1174,0.34851333498954773,0.1600000023841858
1175,0.10972607135772705,0.0
1176,0.9231447577476501,0.8800000190734864
1177,0.21554943919181824,0.2
1178,0.9360619187355042,0.6800000190734863
1179,0.2324104756116867,0.12000000476837158
1180,0.1193312332034111,0.2
1181,0.3995710611343384,0.5599999904632569
1182,0.7897396087646484,0.3200000047683716
1183,0.8168527483940125,0.48000001907348633
1184,0.23996789753437042,0.1600000023841858
1185,0.8238115906715393,0.8800000190734864
1186,0.9282107949256897,0.9600000381469727
1187,0.7709850072860718,0.6800000190734863
1188,0.6762519478797913,0.7599999904632568
1189,0.7668309807777405,0.9
1190,0.5304175615310669,0.4400000095367432
1191,0.7597928643226624,0.8
1192,0.8124721646308899,0.2
1193,0.3986973464488983,0.5199999809265137
1194,0.20626422762870789,0.2
1195,0.5040944814682007,0.27999999523162844
1196,0.8723046779632568,0.8
1197,0.7895677089691162,0.8399999618530274
1198,0.7936166524887085,0.7599999904632568
1199,0.8204959034919739,0.7599999904632568
1200,0.5179281234741211,0.48000001907348633
1201,0.23551708459854126,0.0800000011920929
1202,0.7379351258277893,0.4400000095367432
1203,0.9000441431999207,0.8800000190734864
1204,0.8493233323097229,0.7199999809265136
1205,0.5747254490852356,0.4400000095367432
1206,0.8578646183013916,1.0
1207,0.7504209876060486,0.8399999618530274
1208,0.4778541922569275,0.3599999904632568
1209,0.7021112442016602,0.27999999523162844
1210,0.4736475348472595,0.4400000095367432
1211,0.8248159885406494,0.7599999904632568
1212,0.9391722679138184,0.8399999618530274
1213,0.692270040512085,0.4
1214,0.70075923204422,1.0
1215,0.787132978439331,0.7599999904632568
1216,0.526396632194519,0.24000000953674316
1217,0.5983885526657104,0.4400000095367432
1218,0.5743980407714844,0.27999999523162844
1219,0.3628200590610504,0.48000001907348633
1220,0.6622176766395569,0.6
1221,0.600152313709259,0.6400000095367432
1222,0.8686556220054626,0.7599999904632568
1223,0.7178281545639038,0.6
1224,0.3756484389305115,0.4
1225,0.6252425312995911,0.5599999904632569
1226,0.5819172859191895,0.8
1227,0.6661450862884521,0.9199999809265137
1228,0.8678677082061768,0.8
1229,0.7690316438674927,0.4400000095367432
1230,0.8912246227264404,0.6800000190734863
1231,0.49020931124687195,0.6800000190734863
1232,0.5854722857475281,0.6800000190734863
1233,0.8696520924568176,0.8399999618530274
1234,0.6624881029129028,0.7599999904632568
1235,0.6824498176574707,0.5199999809265137
1236,0.7436345815658569,0.4400000095367432
1237,0.39997532963752747,0.0800000011920929
1238,0.35504698753356934,0.3599999904632568
1239,0.4982371926307678,0.2
1240,0.3318779170513153,0.3200000047683716
1241,0.5422342419624329,0.3200000047683716
1242,0.8567072153091431,0.5199999809265137
1243,0.6324835419654846,0.5199999809265137
1244,0.08415041863918304,0.0
1245,0.8861781358718872,0.8800000190734864
1246,0.7912065982818604,0.6800000190734863
1247,0.4707733988761902,0.12000000476837158
1248,0.14172212779521942,0.0
1249,0.7934845089912415,0.8800000190734864
1250,0.8252266645431519,0.7199999809265136
1251,0.770990788936615,0.6
1252,0.7946901917457581,0.7599999904632568
1253,0.6468449234962463,0.4400000095367432
1254,0.20245681703090668,0.0
1255,0.8892782330513,0.9199999809265137
1256,0.6693345904350281,0.3200000047683716
1257,0.8206914663314819,0.9199999809265137
1258,0.6232801079750061,0.8399999618530274
1259,0.9714623689651489,0.7599999904632568
1260,0.38586312532424927,0.6
1261,0.4095960855484009,0.2
1262,0.6446574926376343,0.7199999809265136
1263,0.5208630561828613,0.1600000023841858
1264,0.8469275832176208,0.4400000095367432
1265,0.791888415813446,0.8399999618530274
1266,0.8041664958000183,0.8399999618530274
1267,0.5858787298202515,0.6800000190734863
1268,0.31408989429473877,0.25999999046325684
1269,0.36095860600471497,0.24000000953674316
1270,0.4752454459667206,0.7199999809265136
1271,0.5716964602470398,0.6400000095367432
1272,0.3115577697753906,0.2
1273,0.5883827209472656,0.6
1274,0.7059311866760254,0.7599999904632568
1275,0.5556581020355225,0.3200000047683716
1276,0.239228755235672,0.24000000953674316
1277,0.9287471771240234,0.6800000190734863
1278,0.5078933238983154,0.0800000011920929
1279,0.8332849740982056,0.9600000381469727
1280,-0.11802631616592407,0.0
1281,0.18251368403434753,0.0800000011920929
1282,0.5108397006988525,0.5599999904632569
1283,0.3818575143814087,0.7199999809265136
1284,0.3104575276374817,0.4
1285,0.759889543056488,0.8
1286,0.7473872303962708,0.7599999904632568
1287,0.3775251805782318,0.3599999904632568
1288,0.13621990382671356,0.04000000059604645
1289,0.17869848012924194,0.4
1290,0.8660035729408264,1.0
1291,0.28746360540390015,0.0
1292,0.6698310375213623,0.7199999809265136
1293,0.7003241181373596,0.7199999809265136
1294,0.5311312079429626,0.6800000190734863
1295,0.4489639699459076,0.04000000059604645
1296,0.6934537291526794,0.8800000190734864
1297,0.2824006676673889,0.12000000476837158
1298,0.3349440097808838,0.0800000011920929
1299,0.9126371741294861,0.9199999809265137
1300,0.4653495252132416,0.5199999809265137
1301,0.8363614678382874,0.5599999904632569
1302,0.4623106122016907,0.6400000095367432
1303,0.44495123624801636,0.4
1304,0.6826032996177673,0.3599999904632568
1305,0.38069501519203186,0.0800000011920929
1306,0.2638868987560272,0.27999999523162844
1307,0.21209357678890228,0.24000000953674316
1308,0.564562976360321,0.5199999809265137
1309,0.2838875353336334,0.48000001907348633
1310,0.7163594365119934,0.8399999618530274
1311,0.6449963450431824,1.0
1312,0.44187289476394653,0.0800000011920929
1313,0.7545815110206604,0.3200000047683716
1314,0.6472703218460083,0.6400000095367432
1315,0.9084141850471497,0.8800000190734864
1316,0.8506159782409668,0.9600000381469727
1317,0.8074097037315369,1.0
1318,0.3927861154079437,0.534000015258789
1319,0.0008047126466408372,0.0
1320,0.7722980976104736,1.0
1321,0.2994498908519745,0.6
1322,0.7626003623008728,0.9600000381469727
1323,0.6649755835533142,0.48000001907348633
1324,0.9244495034217834,1.0
1325,0.8421791791915894,0.9600000381469727
1326,0.8483590483665466,1.0
1327,0.6122703552246094,0.6400000095367432
1328,0.03435637056827545,0.24000000953674316
1329,0.8924432396888733,1.0
1330,0.9644884467124939,0.9199999809265137
1331,0.5990703701972961,0.4
1332,0.27510493993759155,0.3599999904632568
1333,0.7796688675880432,0.6
1334,0.5637213587760925,0.7599999904632568
1335,0.7725234031677246,0.8
1336,0.8480820655822754,0.9600000381469727
1337,0.6866905689239502,0.9600000381469727
1338,0.283605694770813,0.5599999904632569
1339,0.6183598041534424,0.5199999809265137
1340,0.35618317127227783,0.8800000190734864
1341,0.9703729748725891,0.9199999809265137
1342,0.5683683753013611,0.4400000095367432
1343,0.17655304074287415,0.0800000011920929
1344,0.33533069491386414,0.0800000011920929
1345,0.6521216034889221,0.27999999523162844
1346,0.8937203884124756,0.9600000381469727
1347,0.8719009160995483,0.8800000190734864
1348,0.883834719657898,1.0
1349,0.6017439961433411,0.4
1350,0.8932000994682312,1.0
1351,0.9783012866973877,1.0
1352,0.8588657975196838,1.0
1353,0.9447871446609497,1.0
1354,0.7968111634254456,0.8
1355,0.6322575211524963,0.6
1356,0.654314398765564,0.6
1357,0.8688121438026428,1.0
1358,0.5389912128448486,0.8
1359,0.6104572415351868,0.4
1360,0.3998119533061981,0.2
1361,0.6055215001106262,0.8
1362,0.4448588192462921,0.0
1363,0.5092816948890686,0.4
1364,0.6369971036911011,1.0
1365,0.2851397693157196,0.6
1366,0.3840215504169464,0.4
1367,0.41894352436065674,0.4
1368,0.18621133267879486,0.0
1369,0.6186461448669434,0.0
1370,0.37176385521888733,0.2
1371,0.25959089398384094,0.2
1372,0.5238721966743469,0.2
1373,0.6762763261795044,0.4
1374,0.22431908547878265,0.0
1375,0.4010068476200104,0.2
1376,0.41851648688316345,0.2
1377,0.011780460365116596,0.0
1378,0.3898922801017761,0.0
1379,0.7391650080680847,0.5
1380,0.9512162208557129,0.7199999809265136
1381,0.9261618256568909,1.0
1382,0.9270837306976318,0.8399999618530274
1383,0.4551911950111389,0.3
1384,0.3984733521938324,0.3599999904632568
1385,0.872642993927002,0.7
1386,0.4043818712234497,0.4400000095367432
1387,0.7172415852546692,0.4400000095367432
1388,0.5657036900520325,0.3427999973297119
1389,0.5657036900520325,0.3427999973297119
1390,0.9520664215087891,1.0
1391,0.13334685564041138,0.12000000476837158
1392,0.7810620665550232,0.8800000190734864
1393,0.3347495496273041,0.4
1394,0.48307496309280396,0.3599999904632568
1395,0.9580857753753662,0.8800000190734864
1396,0.8740644454956055,0.7199999809265136
1397,0.5679391026496887,0.7199999809265136
1398,0.2834932804107666,0.24000000953674316
1399,0.2881159484386444,0.48000001907348633
1400,0.256529837846756,0.04000000059604645
1401,0.9717192053794861,0.8399999618530274
1402,0.8796581029891968,0.8800000190734864
1403,0.4536226987838745,0.45
1404,0.7409555315971375,0.4
1405,0.3821316957473755,0.15
1406,0.4501276910305023,0.4400000095367432
1407,0.2292739301919937,0.1600000023841858
1408,0.7668766975402832,0.4400000095367432
1409,0.8042535781860352,0.6400000095367432
1410,0.8906600475311279,0.9600000381469727
1411,0.1912984400987625,0.27999999523162844
1412,0.9282203316688538,0.85
1413,0.5172179341316223,0.6800000190734863
1414,0.19102680683135986,0.10659999847412109
1415,0.11395765095949173,0.0800000011920929
1416,0.3460882306098938,0.24000000953674316
1417,0.8322937488555908,1.0
1418,0.0019495413871482015,0.10759999752044677
1419,0.8801519274711609,0.75
1420,0.8669242858886719,0.6
1421,0.8383593559265137,0.7199999809265136
1422,0.2352479100227356,0.1
1423,0.28283149003982544,0.3
1424,0.11149633675813675,0.1600000023841858
1425,-0.12400207668542862,0.1600000023841858
1426,0.18716369569301605,0.12000000476837158
1427,0.8942201137542725,0.8800000190734864
1428,0.7173712849617004,0.35
1429,0.4189302921295166,0.0800000011920929
1430,0.4079378843307495,0.27999999523162844
1431,0.2867729067802429,0.0800000011920929
1432,0.16037851572036743,0.1600000023841858
1433,0.4322366416454315,0.4
1434,0.024587128311395645,0.026600000262260438
1435,0.8679471015930176,0.8
1436,0.3916197121143341,0.05339999794960022
1437,0.6742565035820007,0.6800000190734863
1438,0.3212818503379822,0.24000000953674316
1439,0.9774008393287659,1.0
1440,0.18201737105846405,0.0
1441,0.7423086762428284,0.7599999904632568
1442,0.07311802357435226,0.15
1443,0.7814586758613586,0.6800000190734863
1444,0.2518172264099121,0.0
1445,0.03514987975358963,0.04000000059604645
1446,0.7884647250175476,0.8
1447,-0.014714931137859821,0.1
1448,0.8529751300811768,0.7599999904632568
1449,0.7028318643569946,0.48000001907348633
1450,0.9293410778045654,0.95
1451,-0.037881892174482346,0.0
1452,0.8125004172325134,0.75
1453,0.6688238978385925,0.5199999809265137
1454,0.11622145026922226,0.0
1455,0.07496613264083862,0.15
1456,-0.046395085752010345,0.0
1457,0.811430811882019,0.7599999904632568
1458,0.7258742451667786,0.5599999904632569
1459,0.2289050966501236,0.0
1460,0.6291512846946716,0.1600000023841858
1461,0.5652942061424255,0.6
1462,0.29769572615623474,0.2
1463,0.1430303454399109,0.0
1464,0.4574998915195465,0.2
1465,0.7236537337303162,0.6800000190734863
1466,0.8474910259246826,1.0
1467,0.8804246783256531,0.4665999889373779
1468,0.37370380759239197,0.27999999523162844
1469,0.39795953035354614,0.15
1470,0.8873840570449829,0.7076000213623047
1471,0.47070837020874023,0.1600000023841858
1472,0.7658332586288452,0.7
1473,0.38374415040016174,0.4
1474,0.7361684441566467,0.95
1475,0.7534979581832886,0.8
1476,0.5660704970359802,0.9
1477,0.5617237687110901,0.3
1478,0.7242528200149536,0.48000001907348633
1479,0.12801042199134827,0.0
1480,0.37126705050468445,0.0800000011920929
1481,0.7538536190986633,0.5
1482,0.8381121754646301,0.5199999809265137
1483,0.79058438539505,0.7199999809265136
1484,0.6455754637718201,0.6
1485,-0.011606342159211636,0.0
1486,0.3527275025844574,0.3200000047683716
1487,0.40783751010894775,0.25
1488,0.8093952536582947,0.7199999809265136
1489,0.7369424700737,0.4
1490,0.744136393070221,0.7199999809265136
1491,0.5617780685424805,0.5599999904632569
1492,0.8393918871879578,0.8800000190734864
1493,0.02981615625321865,0.0
1494,0.021097544580698013,0.0
1495,0.8888674974441528,0.75
1496,0.5140260457992554,0.5
1497,0.042171377688646317,0.0
1498,0.17667217552661896,0.1600000023841858
1499,0.21913577616214752,0.2
1500,-0.075538270175457,0.0
1501,0.284992516040802,0.05
1502,0.23205877840518951,0.0800000011920929
1503,0.35338208079338074,0.0
1504,0.9809172749519348,1.0
1505,0.4279814064502716,0.06000000238418579
1506,0.6711807250976562,0.55
1507,0.9612149000167847,1.0
1508,0.8062339425086975,0.85
1509,0.9151396155357361,0.6800000190734863
1510,0.7936068773269653,0.3200000047683716
1511,0.8157248497009277,0.5199999809265137
1512,0.8873952627182007,1.0
1513,0.8214235305786133,0.6400000095367432
1514,0.7944652438163757,0.9600000381469727
1515,0.985266923904419,1.0
1516,0.7234008312225342,0.48000001907348633
1517,0.5068270564079285,0.4
1518,0.963184118270874,1.0
1519,0.9768233895301819,1.0
1520,0.6767098903656006,0.6800000190734863
1521,0.7879394292831421,0.9
1522,0.951147198677063,0.8399999618530274
1523,0.4145681858062744,0.4400000095367432
1524,0.3691767752170563,0.48000001907348633
1525,0.8247276544570923,0.7599999904632568
1526,0.5026691555976868,0.5
1527,0.4823908805847168,0.4
1528,0.2511335015296936,0.15
1529,0.4788983464241028,0.4
1530,0.54212886095047,0.4400000095367432
1531,0.7546889781951904,0.8
1532,0.876572847366333,0.6400000095367432
1533,0.8604786992073059,0.7599999904632568
1534,0.9614812731742859,0.75
1535,0.004060444887727499,0.1
1536,0.22460444271564484,0.1600000023841858
1537,0.854867696762085,1.0
1538,0.1371680349111557,0.24000000953674316
1539,0.9703567028045654,1.0
1540,0.7173850536346436,0.5599999904632569
1541,0.5314615964889526,0.24000000953674316
1542,0.9076082110404968,0.6400000095367432
1543,0.9149752259254456,0.9199999809265137
1544,0.8969544172286987,0.8
1545,0.8248632550239563,0.7599999904632568
1546,0.8661263585090637,0.6800000190734863
1547,0.8797491788864136,0.9199999809265137
1548,0.8055994510650635,0.5199999809265137
1549,0.4270465075969696,0.3599999904632568
1550,0.17833979427814484,0.15
1551,0.9248853921890259,0.8
1552,0.7254623770713806,0.55
1553,0.7791749238967896,0.7599999904632568
1554,0.8798360228538513,0.5199999809265137
1555,0.9004880785942078,0.4
1556,0.8783857822418213,0.7599999904632568
1557,0.09609675407409668,0.11660000085830688
1558,0.10414647310972214,0.0800000011920929
1559,0.10414636135101318,0.05
1560,0.6537980437278748,0.5599999904632569
1561,0.512308657169342,0.6400000095367432
1562,0.13153885304927826,0.1
1563,0.7418621778488159,0.45
1564,0.005507740192115307,0.0
1565,0.11740096658468246,0.0
1566,0.051702577620744705,0.06159999966621399
1567,0.19806180894374847,0.15
1568,0.15838727355003357,0.0800000011920929
1569,0.758257269859314,0.8399999618530274
1570,0.750262439250946,0.75
1571,0.27641889452934265,0.3200000047683716
1572,0.8198378682136536,0.6
1573,0.7708496451377869,0.8
1574,0.7306936383247375,0.6
1575,0.7849962711334229,0.75
1576,0.23187914490699768,0.0800000011920929
1577,0.09847626090049744,0.0
1578,0.5434737801551819,0.6
1579,0.08872535824775696,0.0800000011920929
1580,0.2816086411476135,0.0800000011920929
1581,0.07024853676557541,0.05
1582,0.032712459564208984,0.05
1583,0.05446421355009079,0.0800000011920929
1584,0.22277098894119263,0.0800000011920929
1585,0.7652910947799683,0.6400000095367432
1586,-0.06599044054746628,0.0
1587,0.521219789981842,0.4400000095367432
1588,0.654758870601654,0.1600000023841858
1589,0.07563565671443939,0.1600000023841858
1590,0.028859861195087433,0.06000000238418579
1591,0.135123610496521,0.0
1592,0.3466077744960785,0.15
1593,0.44218674302101135,0.4665999889373779
1594,0.21092742681503296,0.2665999889373779
1595,0.4362264573574066,0.24000000953674316
1596,0.7129632830619812,0.8399999618530274
1597,0.8471850156784058,0.7599999904632568
1598,0.5183903574943542,0.6
1599,0.09321016818284988,0.1
1600,0.13878381252288818,0.0
1601,0.30812275409698486,0.06660000085830689
1602,0.8142074346542358,0.3
1603,0.05394411087036133,0.033399999141693115
1604,0.054620034992694855,0.1
1605,0.7392204999923706,0.25
1606,0.5133525133132935,0.3200000047683716
1607,0.23723658919334412,0.0
1608,0.38396409153938293,0.2
1609,0.12880392372608185,0.0
1610,-0.0705132782459259,0.0
1611,0.8394319415092468,0.8
1612,0.7217922210693359,0.55
1613,0.4523307681083679,0.6665999889373779
1614,0.6785741448402405,0.7
1615,0.1394757479429245,0.037599998712539676
1616,0.06208677217364311,0.0
1617,0.3500848114490509,0.05
1618,0.07491391152143478,0.07279999852180481
1619,0.46651649475097656,0.6400000095367432
1620,-0.002607299480587244,0.0
1621,0.05644052103161812,0.0
1622,0.011123375967144966,0.0
1623,0.6210476756095886,0.35
1624,0.17973646521568298,0.0
1625,0.7116829752922058,0.55
1626,0.7352100610733032,0.3599999904632568
1627,0.01745988242328167,0.0
1628,0.1925237774848938,0.0
1629,0.7354193925857544,0.5599999904632569
1630,0.9372860789299011,0.8800000190734864
1631,0.7177474498748779,0.8
1632,0.8430993556976318,0.5199999809265137
1633,0.4770497679710388,0.24000000953674316
1634,0.725862443447113,0.6400000095367432
1635,0.31661900877952576,0.1600000023841858
1636,0.8407852053642273,0.6800000190734863
1637,0.764979362487793,0.4
1638,0.21055182814598083,0.0
1639,0.9518743753433228,0.9199999809265137
1640,0.8937892913818359,0.8
1641,0.8265809416770935,0.7599999904632568
1642,0.9300734400749207,0.8
1643,0.47412359714508057,0.5599999904632569
1644,0.5280905365943909,0.7199999809265136
1645,0.4816603660583496,0.3599999904632568
1646,0.7523785829544067,0.7199999809265136
1647,0.3085477650165558,0.24000000953674316
1648,0.968940019607544,1.0
1649,0.8394235968589783,0.8
1650,0.04749142378568649,0.0
1651,0.6852489709854126,0.6800000190734863
1652,0.8793681263923645,0.8800000190734864
1653,0.868594765663147,0.8399999618530274
1654,0.9609512686729431,1.0
1655,0.19772356748580933,0.04000000059604645
1656,-0.0643618255853653,0.04000000059604645
1657,0.8039713501930237,0.8
1658,0.6328043341636658,0.5199999809265137
1659,0.2299707680940628,0.12000000476837158
1660,0.4225865602493286,0.24000000953674316
1661,0.8759625554084778,0.7599999904632568
1662,0.7652296423912048,0.8399999618530274
1663,0.8138206601142883,0.5599999904632569
1664,0.84359210729599,0.8399999618530274
1665,0.6156812310218811,0.48000001907348633
1666,0.8861933946609497,0.7199999809265136
1667,0.8537927865982056,0.7599999904632568
1668,0.25915005803108215,0.12000000476837158
1669,0.8522989153862,0.9600000381469727
1670,0.49414482712745667,0.24000000953674316
1671,0.5972051024436951,0.48000001907348633
1672,0.9380692839622498,0.8399999618530274
1673,-0.0496344119310379,0.0
1674,0.2903722822666168,0.04000000059604645
1675,0.5010045170783997,0.6800000190734863
1676,0.7959688901901245,0.6
1677,0.7997092604637146,0.6400000095367432
1678,0.7312646508216858,0.6
1679,0.9811726212501526,0.8800000190734864
1680,0.45626792311668396,0.3599999904632568
1681,0.5404806137084961,0.4
1682,0.9422441720962524,0.9600000381469727
1683,0.7155536413192749,0.8
1684,0.9239391088485718,0.4400000095367432
1685,0.881033718585968,0.8399999618530274
1686,0.508398175239563,0.6800000190734863
1687,0.9009092450141907,0.8399999618530274
1688,0.7452807426452637,0.6800000190734863
1689,0.36216703057289124,0.48000001907348633
1690,0.17244742810726166,0.2
1691,0.30163514614105225,0.3200000047683716
1692,0.614505410194397,0.6400000095367432
1693,0.7083140015602112,0.6800000190734863
1694,0.8809348940849304,0.8
1695,0.6049134135246277,0.6
1696,0.8337190747261047,0.7599999904632568
1697,-0.03946513682603836,0.0
1698,0.3036015033721924,0.0
1699,0.8295620083808899,0.5199999809265137
1700,0.7460113167762756,0.5199999809265137
1701,0.7780624628067017,0.7599999904632568
1702,0.8098128437995911,0.5199999809265137
1703,0.7970947027206421,0.5599999904632569
1704,0.15035651624202728,0.0
1705,0.7032321095466614,0.5199999809265137
1706,0.8881536722183228,0.9199999809265137
1707,0.874183714389801,0.7599999904632568
1708,0.833003044128418,0.6800000190734863
1709,0.9220451712608337,1.0
1710,0.786409854888916,0.9199999809265137
1711,0.6615994572639465,0.6
1712,0.7191954851150513,0.4400000095367432
1713,0.6462551355361938,0.7599999904632568
1714,0.648500382900238,0.4400000095367432
1715,0.7817943096160889,0.7199999809265136
1716,0.8470058441162109,0.8
1717,0.23329278826713562,0.0800000011920929
1718,0.09023837745189667,0.0
1719,0.8632140159606934,0.7599999904632568
1720,0.9706977009773254,1.0
1721,0.8251538872718811,0.9600000381469727
1722,0.3991355299949646,0.48000001907348633
1723,0.41170409321784973,0.5599999904632569
1724,0.14029879868030548,0.27999999523162844
1725,0.6254270076751709,0.7199999809265136
1726,0.28837770223617554,0.0
1727,0.6403330564498901,0.8399999618530274
1728,-0.08245635777711868,0.0800000011920929
1729,0.6861036419868469,0.7599999904632568
1730,0.8846075534820557,0.8
1731,0.15852795541286469,0.24000000953674316
1732,0.8890231251716614,0.8
1733,0.6044450402259827,0.6
1734,0.1020156517624855,0.0
1735,0.4952150881290436,0.48000001907348633
1736,0.9542635679244995,0.6800000190734863
1737,0.1685408055782318,0.1600000023841858
1738,0.8283686637878418,0.8399999618530274
1739,0.9576534032821655,0.8800000190734864
1740,0.8180413842201233,0.8
1741,0.5987088680267334,0.3599999904632568
1742,0.7812756299972534,0.5599999904632569
1743,0.8865276575088501,1.0
1744,0.17338036000728607,0.0
1745,0.1660575568675995,0.04000000059604645
1746,0.6460366249084473,0.8
1747,0.9317067265510559,0.7599999904632568
1748,0.9592244625091553,0.8800000190734864
1749,0.805174708366394,0.6400000095367432
1750,0.8802467584609985,0.9199999809265137
1751,-0.1519542634487152,0.0
1752,0.18122254312038422,0.2
1753,0.3215736150741577,0.1600000023841858
1754,0.833215594291687,0.8
1755,0.41614869236946106,0.3200000047683716
1756,0.0003225456166546792,0.0
1757,0.1894761621952057,0.6800000190734863
1758,0.613964855670929,0.2
1759,0.8242168426513672,0.8
1760,0.8802241086959839,0.6
1761,0.576331377029419,0.6
1762,0.3174630105495453,0.15
1763,0.7029666900634766,0.6800000190734863
1764,0.48169001936912537,0.5599999904632569
1765,0.8228462338447571,0.9600000381469727
1766,0.4121670126914978,0.27999999523162844
1767,0.7126332521438599,0.48000001907348633
1768,0.5123791694641113,0.3599999904632568
1769,0.9515023231506348,0.9600000381469727
1770,0.7926894426345825,0.27999999523162844
1771,0.018721962347626686,0.0800000011920929
1772,0.6750301122665405,0.2660000085830688
1773,0.5271535515785217,0.48000001907348633
1774,0.08818946778774261,0.0800000011920929
1775,0.11567112803459167,0.12000000476837158
1776,0.963204026222229,0.9600000381469727
1777,0.7712212204933167,0.5599999904632569
1778,0.6001589298248291,0.4
1779,0.7196338772773743,0.5199999809265137
1780,-0.04591160640120506,0.0
1781,0.38570892810821533,0.48000001907348633
1782,0.6715338826179504,0.8
1783,0.7619999647140503,0.8
1784,0.6455253958702087,0.8
1785,-0.0014678374864161015,0.0
1786,0.693616509437561,0.6400000095367432
1787,0.637050986289978,0.27999999523162844
1788,0.6372478008270264,0.7199999809265136
1789,0.81210857629776,0.8800000190734864
1790,0.9623948335647583,1.0
1791,0.21603526175022125,0.3599999904632568
1792,0.8988653421401978,0.9600000381469727
1793,0.2064429223537445,0.12000000476837158
1794,0.39910030364990234,0.27999999523162844
1795,0.34732183814048767,0.04000000059604645
1796,0.9341927766799927,0.8399999618530274
1797,0.761700451374054,0.9199999809265137
1798,0.8712524771690369,0.8
1799,0.8782868385314941,0.9199999809265137
1800,0.4244106411933899,0.3599999904632568
1801,0.9367239475250244,0.9199999809265137
1802,0.26645684242248535,0.04000000059604645
1803,0.4251556694507599,0.5199999809265137
1804,0.5524039268493652,0.7599999904632568
1805,0.23417454957962036,0.0
1806,0.979667067527771,1.0
1807,0.6832596063613892,0.7199999809265136
1808,0.8106926083564758,0.9199999809265137
1809,0.2818971276283264,0.4
1810,0.9728481769561768,1.0
1811,0.2543976306915283,0.0
1812,0.7465589046478271,0.6800000190734863
1813,0.15453176200389862,0.0
1814,0.5706489682197571,0.4
1815,0.4036850035190582,0.4
1816,0.9732636213302612,0.9199999809265137
1817,0.7423969507217407,0.6
1818,0.9219416975975037,0.9199999809265137
1819,0.5615673661231995,0.4
1820,0.4901512861251831,0.5199999809265137
1821,0.14687514305114746,0.0800000011920929
1822,0.8066578507423401,0.5199999809265137
1823,0.8144853711128235,0.8399999618530274
1824,-0.19989721477031708,0.0
1825,0.2010343372821808,0.4400000095367432
1826,0.7944348454475403,0.8
1827,-0.0016662173438817263,0.0
1828,0.45684579014778137,0.4
1829,0.8730593919754028,0.6
1830,0.9287697672843933,0.5199999809265137
1831,0.051133204251527786,0.0
1832,-0.014691914431750774,0.0
1833,0.9611368775367737,0.9600000381469727
1834,0.554966390132904,0.6
1835,0.6310834288597107,0.4400000095367432
1836,0.8975953459739685,0.8800000190734864
1837,0.4856705963611603,0.1600000023841858
1838,0.66368567943573,0.6800000190734863
1839,0.025493266060948372,0.0
1840,0.363706111907959,0.12000000476837158
1841,0.010675794444978237,0.0
1842,0.6147804856300354,0.48000001907348633
1843,0.9137392640113831,0.6800000190734863
1844,0.6872052550315857,0.8
1845,0.5380977988243103,0.4
1846,0.94380122423172,0.8
1847,0.8982911705970764,0.9600000381469727
1848,0.12182753533124924,0.12000000476837158
1849,0.7083554267883301,0.48000001907348633
1850,0.8657428026199341,0.8800000190734864
1851,0.5285947918891907,0.48000001907348633
1852,0.9646073579788208,0.9600000381469727
1853,0.7448438405990601,0.6800000190734863
1854,0.4424858093261719,0.5599999904632569
1855,0.3803946375846863,0.1600000023841858
1856,0.6026704907417297,0.4400000095367432
1857,0.830314576625824,0.7599999904632568
1858,0.1399921476840973,0.0800000011920929
1859,0.93430495262146,0.9199999809265137
1860,0.3937658667564392,0.6
1861,0.712927520275116,0.9199999809265137
1862,0.02753085270524025,0.1600000023841858
1863,0.8848624229431152,0.8
1864,0.3310680389404297,0.24000000953674316
1865,0.7224424481391907,0.6400000095367432
1866,0.9662108421325684,0.7199999809265136
1867,0.7085710763931274,0.6800000190734863
1868,0.9016258120536804,1.0
1869,0.9296841621398926,0.8
1870,0.7606045007705688,0.8
1871,0.7908650040626526,0.5599999904632569
1872,0.8805926442146301,0.7599999904632568
1873,0.5978041887283325,0.5199999809265137
1874,0.597692608833313,0.4
1875,0.316291481256485,0.1600000023841858
1876,0.9039992094039917,1.0
1877,0.2816106379032135,0.2
1878,0.9738516211509705,1.0
1879,0.4384058117866516,0.48000001907348633
1880,0.7706975340843201,0.4
1881,0.3514755368232727,0.4400000095367432
1882,0.9086934924125671,0.6800000190734863
1883,0.475787878036499,0.1600000023841858
1884,0.9108781814575195,0.9199999809265137
1885,0.5106735229492188,0.5599999904632569
1886,0.2892669439315796,0.4
1887,0.766102135181427,0.5199999809265137
1888,-0.028339195996522903,0.04000000059604645
1889,0.3709641396999359,0.27999999523162844
1890,0.7817027568817139,0.3200000047683716
1891,0.8343492150306702,0.6400000095367432
1892,0.16213664412498474,0.04000000059604645
1893,0.46577560901641846,0.48000001907348633
1894,-0.05607651174068451,0.04000000059604645
1895,0.5177428126335144,0.27999999523162844
1896,0.5517935156822205,0.3599999904632568
1897,0.3048691153526306,0.3200000047683716
1898,0.77777498960495,0.7599999904632568
1899,0.18972870707511902,0.2
1900,0.658825695514679,0.24000000953674316
1901,0.9082947373390198,0.8
1902,0.5743088722229004,0.4
1903,0.8722188472747803,0.5199999809265137
1904,0.5203226804733276,0.7599999904632568
1905,0.3059854805469513,0.5199999809265137
1906,0.1456993967294693,0.04000000059604645
1907,0.6423690319061279,0.6
1908,0.2533314824104309,0.3599999904632568
1909,0.2114751785993576,0.12000000476837158
1910,0.2676476538181305,0.12000000476837158
1911,0.24039492011070251,0.04000000059604645
1912,0.5152940154075623,0.12000000476837158
1913,0.36142370104789734,0.04000000059604645
1914,0.18069930374622345,0.2
1915,0.43206071853637695,0.6800000190734863
1916,0.492748498916626,0.27999999523162844
1917,0.5735514760017395,0.4
1918,0.4541066884994507,0.5599999904632569
1919,0.6985194683074951,0.6400000095367432
1920,0.587330162525177,0.1600000023841858
1921,0.6061368584632874,0.3599999904632568
1922,0.8845367431640625,0.4400000095367432
1923,0.7283251285552979,0.8399999618530274
1924,0.9342754483222961,1.0
1925,0.17936274409294128,0.24000000953674316
1926,0.48365259170532227,0.5599999904632569
1927,0.7034987807273865,0.8800000190734864
1928,0.8002996444702148,0.8800000190734864
1929,0.427877813577652,0.7199999809265136
1930,0.37705910205841064,0.24000000953674316
1931,0.760646402835846,0.27999999523162844
1932,0.8378254771232605,0.6800000190734863
1933,0.5853835940361023,0.1600000023841858
1934,0.8004419803619385,0.5599999904632569
1935,0.6946214437484741,0.6400000095367432
1936,0.43322786688804626,0.3200000047683716
1937,0.9154541492462158,1.0
1938,0.6177275776863098,0.7199999809265136
1939,0.8979772925376892,0.7199999809265136
1940,0.07348137348890305,0.0800000011920929
1941,0.43291229009628296,0.3599999904632568
1942,0.38049474358558655,0.24000000953674316
1943,0.28671979904174805,0.24000000953674316
1944,0.7046685218811035,0.4400000095367432
1945,0.9670977592468262,1.0
1946,0.648425281047821,0.5199999809265137
1947,0.22643843293190002,0.0
1948,0.7762959599494934,0.5599999904632569
1949,0.7296692132949829,0.6400000095367432
1950,0.3511100113391876,0.3200000047683716
1951,0.20463819801807404,0.04000000059604645
1952,0.761204183101654,0.7599999904632568
1953,0.9383736848831177,0.8
1954,0.6841993927955627,0.5599999904632569
1955,0.9247360229492188,1.0
1956,0.8109966516494751,0.6800000190734863
1957,0.575959324836731,0.5599999904632569
1958,0.6204394698143005,0.27999999523162844
1959,0.7301207184791565,0.24000000953674316
1960,0.8316664099693298,0.6400000095367432
1961,0.6984106302261353,0.6
1962,0.5614479184150696,0.4400000095367432
1963,0.5927274823188782,0.4
1964,0.6539939641952515,0.7599999904632568
1965,0.2774607539176941,0.3200000047683716
1966,0.9559778571128845,0.9600000381469727
1967,0.6787986159324646,0.24000000953674316
1968,0.35840725898742676,0.48000001907348633
1969,0.5726141929626465,0.3599999904632568
1970,0.7639736533164978,0.5199999809265137
1971,0.9325335621833801,0.7599999904632568
1972,0.3668018877506256,0.24000000953674316
1973,0.2827698290348053,0.04000000059604645
1974,0.8002831339836121,0.7599999904632568
1975,0.507716715335846,0.48000001907348633
1976,0.28337445855140686,0.0800000011920929
1977,0.6220154166221619,0.6800000190734863
1978,0.9364386200904846,0.8399999618530274
1979,0.7025133967399597,0.48000001907348633
1980,0.33239927887916565,0.1600000023841858
1981,0.5034791827201843,0.8800000190734864
1982,0.5097262263298035,0.6
1983,0.35893261432647705,0.4
1984,0.785185694694519,0.6
1985,0.6617764830589294,0.4400000095367432
1986,0.29236823320388794,0.3599999904632568
1987,0.9317651987075806,0.5599999904632569
1988,0.8699472546577454,0.5599999904632569
1989,0.9543628096580505,1.0
1990,0.584515392780304,0.4400000095367432
1991,0.2777935564517975,0.24000000953674316
1992,0.2545415759086609,0.3200000047683716
1993,0.7790241241455078,0.5599999904632569
1994,0.687122106552124,0.3599999904632568
1995,0.4732571244239807,0.5199999809265137
1996,0.34738051891326904,0.04000000059604645
1997,0.7407776713371277,0.48000001907348633
1998,0.9111896753311157,0.8399999618530274
1999,0.1659202128648758,0.4400000095367432
2000,0.7228402495384216,0.3200000047683716
2001,0.2065885066986084,0.1600000023841858
2002,0.9706627726554871,1.0
2003,0.6803079843521118,0.24000000953674316
2004,0.7068476676940918,0.6
2005,0.6468220949172974,0.6
2006,0.2166108638048172,0.0
2007,0.3162793219089508,0.0
2008,0.34223511815071106,0.4
2009,0.4703845679759979,0.0
2010,0.9701085090637207,1.0
2011,0.741463840007782,0.6
2012,0.7198497653007507,0.4
2013,0.4316772222518921,0.0
2014,0.590086042881012,0.4
2015,0.821287989616394,1.0
2016,0.6275438666343689,0.2
2017,0.6513476371765137,0.8
2018,0.7195414900779724,0.8
2019,0.3750559985637665,0.2
2020,0.39368027448654175,0.2
2021,0.5808130502700806,0.2
2022,0.4711953401565552,0.8
2023,0.5731129050254822,0.2
2024,0.9394689798355103,1.0
2025,0.8072953224182129,0.8
2026,0.6554248929023743,0.8
2027,0.9622012972831726,0.8
2028,0.7314725518226624,0.8
2029,0.5113809108734131,0.6
2030,0.9388712644577026,0.8
2031,0.3944306969642639,0.0
2032,0.12715886533260345,0.0
2033,0.14216062426567078,0.2
2034,0.7478021383285522,0.8
2035,0.8169605135917664,1.0
2036,0.4392818212509155,0.4
2037,0.33020004630088806,0.8
2038,0.5577331781387329,0.0
2039,0.5077376365661621,0.4
2040,0.7734450697898865,0.2
2041,0.4502072334289551,0.0
2042,0.4192635416984558,0.4
2043,0.9856630563735962,1.0
2044,0.36000844836235046,0.2
2045,0.8443886041641235,0.6
2046,0.6036602258682251,0.4
2047,0.8349956274032593,1.0
2048,0.5944501757621765,0.4
2049,0.6609223484992981,0.2
2050,0.9366714358329773,1.0
2051,0.3951651453971863,0.0
2052,0.939871072769165,1.0
2053,0.9701387882232666,1.0
2054,0.17097638547420502,0.0
2055,0.6673392653465271,0.4
2056,0.6356961131095886,0.8
2057,0.324471116065979,0.0
2058,0.35485005378723145,0.4
2059,0.506131112575531,0.6
2060,0.4102422595024109,0.0
2061,0.5979258418083191,0.6
2062,0.4706612527370453,0.2
2063,0.5535355806350708,0.6
2064,0.5524283647537231,0.4
2065,0.737919270992279,0.8
2066,0.5759221315383911,0.0
2067,0.7331687808036804,0.8
2068,0.9098348021507263,0.8
2069,0.4141901433467865,0.4
2070,0.5265762209892273,0.4
2071,0.9809615612030029,1.0
2072,0.4619867205619812,0.4
2073,0.6931883096694946,0.4
2074,0.12643104791641235,0.0
2075,0.6006324291229248,0.4
2076,0.324851930141449,0.0
2077,0.21881379187107086,0.4
2078,0.9122065305709839,0.8
2079,0.5055015683174133,0.8
2080,0.7712134718894958,0.2
2081,0.47366487979888916,0.8
2082,0.854080080986023,0.8
2083,0.5536932349205017,0.4
2084,0.3943510353565216,0.4
2085,0.4052790403366089,0.4
2086,0.4644075632095337,0.0
2087,0.7461382746696472,0.6
2088,0.9065296649932861,0.2
2089,0.8784963488578796,1.0
2090,0.2586804926395416,0.2
2091,0.29537656903266907,0.0
2092,0.4530404508113861,0.4
2093,0.5600881576538086,0.4
2094,0.31067776679992676,0.0
2095,0.5547318458557129,0.6
2096,0.7680059671401978,0.6
2097,0.3234732747077942,0.6
2098,0.8181929588317871,1.0
2099,0.7626163363456726,1.0
2100,0.30623969435691833,0.8
2101,0.6583714485168457,0.2
2102,0.2513960897922516,0.0
2103,0.5275546908378601,1.0
2104,0.12979815900325775,0.0
2105,0.6847206950187683,0.8
2106,0.9564282298088074,1.0
2107,0.37986239790916443,0.6
2108,0.6334757804870605,0.6
2109,0.6992838978767395,0.6
2110,0.6482461094856262,0.4
2111,0.56938236951828,0.2
2112,0.15387746691703796,0.0
2113,0.32827484607696533,0.4
2114,0.4943463206291199,0.0
2115,0.569703996181488,0.4
2116,0.9092103242874146,1.0
2117,0.3123253881931305,0.6
2118,0.6614827513694763,0.6
2119,0.8920027017593384,1.0
2120,0.30164262652397156,0.6
2121,0.5967668294906616,0.4
2122,0.5335988998413086,0.2
2123,0.6810309886932373,0.2
2124,0.3721565306186676,1.0
2125,0.6972188353538513,0.2
2126,0.4945119023323059,0.4
2127,0.7536124587059021,0.8
2128,0.22644655406475067,0.0
2129,0.299091100692749,0.4
2130,0.282701313495636,0.2
2131,0.447508305311203,0.6
2132,0.7147164344787598,0.2
2133,0.5425997376441956,0.2
2134,0.847874641418457,1.0
2135,0.7557266354560852,1.0
2136,0.7380678653717041,1.0
2137,0.3972833454608917,0.0
2138,0.6201106309890747,0.8
2139,0.966964602470398,0.8
2140,0.13955514132976532,0.0
2141,0.23225970566272736,0.0
2142,0.7352492213249207,0.4
2143,0.8547568917274475,0.8
2144,0.8447902202606201,1.0
2145,0.6707726716995239,0.6
2146,0.2184215784072876,0.6
2147,0.7389954328536987,0.8
2148,0.33212047815322876,0.2
2149,0.7372556924819946,0.0
2150,0.5331001281738281,0.4
2151,0.483701229095459,0.4
2152,0.7855753302574158,1.0
2153,0.7771799564361572,0.8
2154,0.5885624289512634,1.0
2155,0.4443272650241852,0.2
2156,0.222095787525177,0.0
2157,0.3720637559890747,0.4
2158,0.31603938341140747,0.0
2159,0.5394876599311829,0.4
2160,0.3364109396934509,0.2
2161,0.9238294363021851,1.0
2162,0.8549612164497375,1.0
2163,0.6186856031417847,0.6
2164,-0.11859096586704254,0.0
2165,0.3209555745124817,0.0
2166,0.6407665014266968,0.4
2167,0.9825942516326904,1.0
2168,0.818500816822052,0.2
2169,0.30224183201789856,0.6
2170,0.497760146856308,0.6
2171,0.4686470925807953,0.4
2172,0.36656394600868225,0.2
2173,0.6534302830696106,0.2
2174,0.5693690776824951,0.4
2175,0.4316042363643646,0.4
2176,0.9215283989906311,0.8
2177,0.18648678064346313,0.0
2178,0.4778905510902405,0.2
2179,0.4990759789943695,0.2
2180,0.4568443298339844,0.4
2181,0.3065754473209381,0.4
2182,0.21679550409317017,0.0
2183,0.9072998762130737,0.2
2184,0.9605536460876465,1.0
2185,0.19088664650917053,0.4
2186,0.7238221764564514,0.4
2187,0.7689327597618103,1.0
2188,0.3344707190990448,0.4
2189,0.5344921350479126,1.0
2190,0.2563363015651703,0.0
2191,0.4903911054134369,0.8
2192,0.728902280330658,0.8
2193,0.7113948464393616,0.8
2194,0.1295878142118454,0.0
2195,0.2679910361766815,0.4
2196,0.2297789603471756,0.4
2197,0.7858116626739502,1.0
2198,0.2660767436027527,0.4
2199,0.5056742429733276,0.6
2200,0.4445659816265106,0.8
2201,0.5674450993537903,0.2
2202,0.777575671672821,1.0
2203,0.7826235294342041,0.4
2204,0.5967183709144592,0.2
2205,0.38525858521461487,0.4
2206,0.3299594521522522,0.2
2207,0.6706491112709045,0.8
2208,0.949161171913147,1.0
2209,0.44321075081825256,0.2
2210,0.6837223768234253,0.8
2211,0.5035068392753601,0.4
2212,0.7388628721237183,0.8
2213,0.7987423539161682,0.4
2214,0.2441643625497818,0.8
2215,0.9573197364807129,1.0
2216,0.07577366381883621,0.0
2217,0.3668161630630493,0.0
2218,0.7394866347312927,1.0
2219,0.711688220500946,0.8
2220,0.7927812337875366,0.2
2221,0.46322792768478394,0.8
2222,0.5838761329650879,0.8
2223,0.9552159905433655,1.0
2224,0.7858530282974243,1.0
2225,0.47067391872406006,0.8
2226,0.6088978052139282,0.2
2227,0.4547937512397766,0.0
2228,0.8044546842575073,0.6
2229,0.7455300688743591,0.8
2230,0.4809130132198334,0.6
2231,0.9382085204124451,1.0
2232,0.859221875667572,1.0
2233,0.9166077971458435,1.0
2234,0.4852789044380188,0.2
2235,0.26206761598587036,0.0
2236,0.6719231605529785,0.8
2237,0.8716529607772827,0.2
2238,0.5280351042747498,0.8
2239,0.6800166964530945,0.6
2240,0.926332414150238,1.0
2241,0.7073196172714233,1.0
2242,0.21607562899589539,0.0
2243,0.40088528394699097,0.2
2244,0.06746622920036316,0.0
2245,0.43843796849250793,0.0
2246,0.3091129958629608,0.0
2247,0.23769304156303406,0.0
2248,0.7665109038352966,0.8
2249,0.5195196270942688,1.0
2250,0.5924729704856873,0.2
2251,0.5448200702667236,0.2
2252,0.5586236119270325,0.8
2253,0.4939981698989868,0.2
2254,0.8779271841049194,1.0
2255,0.4247663617134094,0.6
2256,0.8865336179733276,1.0
2257,0.7721121907234192,1.0
2258,0.5523099899291992,0.27999999523162844
2259,0.901756227016449,0.7199999809265136
2260,0.6194532513618469,0.7
2261,0.7192831039428711,0.6400000095367432
2262,0.9485312104225159,0.8
2263,0.49190545082092285,0.4
2264,0.7628750801086426,0.7199999809265136
2265,0.6872785687446594,0.8399999618530274
2266,0.8721646666526794,0.8
2267,0.4160076379776001,0.65
2268,0.6745929718017578,0.6800000190734863
2269,0.9712154269218445,0.7334000110626221
2270,0.8334764838218689,0.75
2271,0.31936079263687134,0.24000000953674316
2272,0.8431517481803894,0.7599999904632568
2273,0.8383533358573914,0.6800000190734863
2274,0.8947019577026367,0.6400000095367432
2275,0.8179509043693542,0.7199999809265136
2276,0.7966830730438232,0.6
2277,0.5507686138153076,0.3200000047683716
2278,0.7891835570335388,0.6400000095367432
2279,0.9093080759048462,0.7599999904632568
2280,0.8582347631454468,0.8399999618530274
2281,0.6367092728614807,0.6
2282,0.9315004944801331,0.8
2283,0.8359983563423157,0.95
2284,0.7682337164878845,0.7065999984741211
2285,0.5827692747116089,0.25
2286,0.866239070892334,0.8
2287,0.9066341519355774,0.6
2288,0.784134566783905,0.5199999809265137
2289,0.7967747449874878,0.7
2290,0.7014755606651306,0.3
2291,0.4893264174461365,0.4
2292,0.5328011512756348,0.7
2293,0.6329900622367859,0.6
2294,0.9603077173233032,0.95
2295,0.6240391135215759,0.6800000190734863
2296,0.717633843421936,0.6800000190734863
2297,0.8559020161628723,0.85
2298,0.7973470687866211,0.7599999904632568
2299,0.5422384738922119,0.6
2300,0.6969122886657715,0.6
2301,0.91352379322052,0.9199999809265137
2302,0.7059733867645264,0.6
2303,0.891074538230896,0.85
2304,0.5979523062705994,0.3599999904632568
2305,0.6951651573181152,0.5599999904632569
2306,0.567784309387207,0.25
2307,0.9120045900344849,0.75
2308,0.7852381467819214,0.75
2309,0.6674494743347168,0.75
2310,0.8811827301979065,0.7
2311,0.9403574466705322,0.9199999809265137
2312,0.47967150807380676,0.65
2313,0.6069679260253906,0.2665999889373779
2314,0.3910382091999054,0.5
2315,0.6583757400512695,0.65
2316,0.7487884759902954,0.6
2317,0.7722364068031311,0.7199999809265136
2318,0.5133081078529358,0.4400000095367432
2319,0.9149778485298157,0.9600000381469727
2320,0.8965559005737305,0.8
2321,0.6261836886405945,0.6800000190734863
2322,0.6553273797035217,0.6400000095367432
2323,0.697494387626648,0.5
2324,0.8292407989501953,0.65
2325,0.8713693618774414,0.7599999904632568
2326,0.8621156811714172,0.8800000190734864
2327,0.7777759432792664,0.7
2328,0.653670072555542,0.3
2329,0.787345290184021,0.5599999904632569
2330,0.7523456811904907,0.7199999809265136
2331,0.85079425573349,0.8399999618530274
2332,0.7267395257949829,0.6
2333,0.8023526668548584,0.6
2334,0.47278642654418945,0.3200000047683716
2335,0.6375598907470703,0.8
2336,0.5276873111724854,0.2665999889373779
2337,0.8489086627960205,0.7199999809265136
2338,0.82750403881073,0.6
2339,0.7848411798477173,0.6
2340,0.577774167060852,0.7
2341,0.748141348361969,0.8
2342,0.649546205997467,0.4400000095367432
2343,0.8530579209327698,0.6800000190734863
2344,0.6717444062232971,0.7
2345,0.8607348203659058,0.85
2346,0.779617965221405,0.5199999809265137
2347,0.6865646243095398,0.6
2348,0.6152398586273193,0.48000001907348633
2349,0.8629316687583923,0.7599999904632568
2350,0.757009744644165,0.6
2351,0.7593762874603271,0.7
2352,0.761866569519043,0.7
2353,0.9010510444641113,0.75
2354,0.5625041127204895,0.45
2355,0.5906503200531006,0.65
2356,0.9029802083969116,0.9600000381469727
2357,0.8955780267715454,0.7599999904632568
2358,0.6313918828964233,0.6800000190734863
2359,0.744798481464386,0.4
2360,0.9561418890953064,0.9199999809265137
2361,0.6232928037643433,0.7
2362,0.37130558490753174,0.6665999889373779
2363,0.6664949655532837,0.533400011062622
2364,0.5638799071311951,0.6400000095367432
2365,0.7408279180526733,0.7599999904632568
2366,0.7619502544403076,0.6800000190734863
2367,0.5079804062843323,0.6800000190734863
2368,0.7017728090286255,0.7199999809265136
2369,0.9359816908836365,0.7599999904632568
2370,0.6279469728469849,0.3599999904632568
2371,0.6873713731765747,0.6400000095367432
2372,0.7490021586418152,0.6
2373,0.5880086421966553,0.3599999904632568
2374,0.5982100963592529,0.55
2375,0.46758773922920227,0.3200000047683716
2376,0.8717619776725769,0.55
2377,0.8024722933769226,0.65
2378,0.6012356877326965,0.45
2379,0.7786545157432556,0.6
2380,0.7334336042404175,0.6363999843597412
2381,0.8254688382148743,0.75
2382,0.7864988446235657,0.5199999809265137
2383,0.6356747150421143,0.25
2384,0.7768211960792542,0.5
2385,0.8005300164222717,0.8399999618530274
2386,0.4944334626197815,0.5199999809265137
2387,0.510105311870575,0.27999999523162844
2388,0.7768012881278992,0.7199999809265136
2389,0.8392212986946106,0.6
2390,0.676400363445282,0.7
2391,0.9417303204536438,1.0
2392,0.7517639994621277,0.6
2393,0.8258427381515503,0.7599999904632568
2394,0.7963442206382751,0.7599999904632568
2395,0.9408883452415466,0.8444000244140625
2396,0.6573900580406189,0.5
2397,0.9707641005516052,1.0
2398,0.7441802620887756,0.8
2399,0.6524959206581116,0.7199999809265136
2400,0.714736819267273,0.8399999618530274
2401,0.8554248809814453,0.6800000190734863
2402,0.6635584831237793,0.5199999809265137
2403,0.822825014591217,0.7199999809265136
2404,0.6065611243247986,0.8
2405,0.6956982016563416,0.7
2406,0.6045070290565491,0.3
2407,0.88022780418396,0.7
2408,0.2990526854991913,0.35
2409,0.9087437391281128,0.75
2410,0.818145751953125,0.9600000381469727
2411,0.7999754548072815,0.6800000190734863
2412,0.5711079835891724,0.5199999809265137
2413,0.947399377822876,0.8800000190734864
2414,0.640752911567688,0.7199999809265136
2415,0.8006442785263062,0.7199999809265136
2416,0.8099886775016785,0.8
2417,0.8784420490264893,0.9
2418,0.9598482847213745,1.0
2419,0.796603798866272,0.6800000190734863
2420,0.8008429408073425,0.75
2421,0.8501100540161133,0.635200023651123
2422,0.8111202120780945,0.7199999809265136
2423,0.8323730826377869,0.6400000095367432
2424,0.7306349277496338,0.7
2425,0.7233344316482544,0.3799999952316284
2426,0.5831061005592346,0.6
2427,0.9115797877311707,0.7199999809265136
2428,0.8928698301315308,0.75
2429,0.8645548820495605,0.7199999809265136
2430,0.8701050877571106,0.75
2431,0.8118537664413452,0.6665999889373779
2432,0.5388945937156677,0.5199999809265137
2433,0.8809787631034851,0.3599999904632568
2434,0.9220021963119507,0.7199999809265136
2435,0.901686429977417,0.8800000190734864
2436,0.7541521191596985,0.6
2437,0.8025696277618408,0.8
2438,0.7309312224388123,0.65
2439,0.5871825814247131,0.6
2440,0.678695797920227,0.5199999809265137
2441,0.471788227558136,0.5199999809265137
2442,0.717852771282196,0.9199999809265137
2443,0.6546835899353027,0.55
2444,0.7420719265937805,0.4400000095367432
2445,0.7824188470840454,0.6665999889373779
2446,0.3452741801738739,0.5538000106811524
2447,0.6330834627151489,0.5599999904632569
2448,0.7284665703773499,0.8
2449,0.9856422543525696,0.9465999603271484
2450,0.6934893131256104,0.3200000047683716
2451,0.7448275089263916,0.75
2452,0.5239453911781311,0.1
2453,0.6696092486381531,0.65
2454,0.7859287858009338,0.48000001907348633
2455,0.926616370677948,0.6400000095367432
2456,0.7888163924217224,0.75
2457,0.7028267979621887,0.65
2458,0.1782090663909912,0.48000001907348633
2459,0.7556010484695435,0.9
2460,0.92537522315979,0.8
2461,0.7091354727745056,0.7599999904632568
2462,0.3195866346359253,0.1600000023841858
2463,0.5188614130020142,0.6
2464,0.8598421216011047,0.7
2465,0.7298751473426819,0.4
2466,0.6661851406097412,0.5599999904632569
2467,0.6458716988563538,0.4
2468,0.885442316532135,0.6
2469,0.7802460193634033,0.7
2470,0.9178345799446106,1.0
2471,0.9380133748054504,0.65
2472,0.8182368278503418,0.6800000190734863
2473,0.6950565576553345,0.6800000190734863
2474,0.7185487151145935,0.75
2475,0.845416784286499,0.55
2476,0.6739051342010498,0.6400000095367432
2477,0.735772430896759,0.5199999809265137
2478,0.5754778981208801,0.3200000047683716
2479,0.6529878973960876,0.5
2480,0.6230419278144836,0.6800000190734863
2481,0.6942943930625916,0.8
2482,0.8740029335021973,0.85
2483,0.7992357015609741,0.8
2484,0.7661075592041016,0.6800000190734863
2485,0.6002212762832642,0.5599999904632569
2486,0.454356849193573,0.3200000047683716
2487,0.6841144561767578,0.7599999904632568
2488,0.769554853439331,0.533400011062622
2489,0.4737469255924225,0.24000000953674316
2490,0.9562278389930725,0.9600000381469727
2491,0.8458336591720581,0.6
2492,0.926171600818634,0.8
2493,0.7501207590103149,0.8
2494,0.7937536835670471,0.55
2495,0.8092639446258545,0.45
2496,0.8629060387611389,0.6400000095367432
2497,0.856589138507843,0.95
2498,0.7637321352958679,0.5599999904632569
2499,0.5549783110618591,0.27999999523162844
2500,-0.00040112726856023073,0.15
2501,0.9378191828727722,0.7334000110626221
2502,0.701574444770813,0.6800000190734863
2503,0.6559908986091614,0.6800000190734863
2504,0.8549368381500244,0.7714000225067139
2505,0.7903228402137756,0.6
2506,0.8712018132209778,0.7
2507,0.6806591749191284,0.65
2508,0.7262818813323975,0.27999999523162844
2509,0.33239540457725525,0.15
2510,0.7716556787490845,0.6800000190734863
2511,0.9122462272644043,0.9600000381469727
2512,0.2482144832611084,0.0800000011920929
2513,0.4997684061527252,0.3599999904632568
2514,0.6076716780662537,0.48000001907348633
2515,0.5727297067642212,0.3200000047683716
2516,0.7275643348693848,0.6400000095367432
2517,0.3300870358943939,0.0800000011920929
2518,0.9472845792770386,0.8
2519,0.5421527624130249,0.1600000023841858
2520,0.5694409012794495,0.27999999523162844
2521,0.5528470873832703,0.3599999904632568
2522,0.8375136256217957,0.4400000095367432
2523,0.7302411198616028,0.6400000095367432
2524,0.5867830514907837,0.24000000953674316
2525,0.3990079164505005,0.25
2526,0.8801605105400085,0.8399999618530274
2527,0.7455308437347412,0.5199999809265137
2528,0.8066111207008362,0.7199999809265136
2529,0.27486294507980347,0.0800000011920929
2530,0.15732206404209137,0.0
2531,0.7723332047462463,1.0
2532,0.9581311345100403,0.8800000190734864
2533,0.9711917638778687,0.9600000381469727
2534,0.9176896214485168,0.7199999809265136
2535,0.705449104309082,0.7599999904632568
2536,0.004249966237694025,0.04000000059604645
2537,0.6647369861602783,0.7599999904632568
2538,0.4826168417930603,0.4400000095367432
2539,0.9215885996818542,0.8
2540,0.761238157749176,0.5199999809265137
2541,0.3478381335735321,0.12000000476837158
2542,0.8673914670944214,0.8800000190734864
2543,0.69797283411026,0.8
2544,0.5404989719390869,0.1600000023841858
2545,0.6568824052810669,0.4
2546,0.6381195187568665,0.27999999523162844
2547,0.8383890390396118,0.6
2548,0.3306325376033783,0.12000000476837158
2549,0.3502383530139923,0.4
2550,0.8914857506752014,0.9199999809265137
2551,0.4930071532726288,0.27999999523162844
2552,0.9296372532844543,0.9
2553,0.3441489338874817,0.1600000023841858
2554,0.0819949135184288,0.0
2555,0.9244299530982971,0.8800000190734864
2556,0.45298483967781067,0.2
2557,0.946262001991272,0.6800000190734863
2558,0.2563002109527588,0.12000000476837158
2559,0.006565201561897993,0.2
2560,0.4646984040737152,0.5599999904632569
2561,0.835442066192627,0.3200000047683716
2562,0.7603408694267273,0.48000001907348633
2563,0.35347118973731995,0.1600000023841858
2564,0.8247960209846497,0.8800000190734864
2565,0.6772398948669434,0.9600000381469727
2566,0.7105887532234192,0.6800000190734863
2567,0.8241567015647888,0.7599999904632568
2568,0.7478489279747009,0.9
2569,0.7008708715438843,0.4400000095367432
2570,0.9109938144683838,0.8
2571,0.8801339864730835,0.2
2572,0.44682204723358154,0.5199999809265137
2573,0.34660804271698,0.2
2574,0.7553911209106445,0.27999999523162844
2575,0.9377604126930237,0.8
2576,0.7799275517463684,0.8399999618530274
2577,0.7087857723236084,0.7599999904632568
2578,0.7870277166366577,0.7599999904632568
2579,0.5893428325653076,0.48000001907348633
2580,0.4642754793167114,0.0800000011920929
2581,0.8009679913520813,0.4400000095367432
2582,0.8686527609825134,0.8800000190734864
2583,0.7356425523757935,0.7199999809265136
2584,0.3529227375984192,0.4400000095367432
2585,0.9087439179420471,1.0
2586,0.665770947933197,0.8399999618530274
2587,0.6557388305664062,0.3599999904632568
2588,0.6489142179489136,0.27999999523162844
2589,0.3822411000728607,0.4400000095367432
2590,0.6887524724006653,0.7599999904632568
2591,0.9133598804473877,0.8399999618530274
2592,0.7244419455528259,0.4
2593,0.950413703918457,1.0
2594,0.76894211769104,0.7599999904632568
2595,0.44519346952438354,0.24000000953674316
2596,0.5001240968704224,0.4400000095367432
2597,0.5910246968269348,0.27999999523162844
2598,0.22264519333839417,0.48000001907348633
2599,0.6167600750923157,0.6
2600,0.5109378099441528,0.6400000095367432
2601,0.8839195370674133,0.7599999904632568
2602,0.7777911424636841,0.6
2603,0.30310437083244324,0.4
2604,0.6360641717910767,0.5599999904632569
2605,0.6320110559463501,0.8
2606,0.8311551809310913,0.9199999809265137
2607,0.8101089000701904,0.8
2608,0.652572751045227,0.4400000095367432
2609,0.9037551879882812,0.6800000190734863
2610,0.5831044912338257,0.6800000190734863
2611,0.5759396553039551,0.6800000190734863
2612,0.8978039622306824,0.8399999618530274
2613,0.6545611619949341,0.7599999904632568
2614,0.7185676693916321,0.5199999809265137
2615,0.7622030377388,0.4400000095367432
2616,0.6382938027381897,0.0800000011920929
2617,0.5443753004074097,0.3599999904632568
2618,0.4357445538043976,0.2
2619,0.358712375164032,0.3200000047683716
2620,0.5724496841430664,0.3200000047683716
2621,0.8761124014854431,0.5199999809265137
2622,0.44564276933670044,0.5199999809265137
2623,0.1555013507604599,0.0
2624,0.9281001091003418,0.8800000190734864
2625,0.8398737907409668,0.6800000190734863
2626,0.32522109150886536,0.12000000476837158
2627,0.20599809288978577,0.0
2628,0.939439058303833,0.8800000190734864
2629,0.8429998755455017,0.7199999809265136
2630,0.8255581259727478,0.6
2631,0.721603512763977,0.7599999904632568
2632,0.7552309632301331,0.4400000095367432
2633,0.1677844226360321,0.0
2634,0.9054149389266968,0.9199999809265137
2635,0.650955080986023,0.3200000047683716
2636,0.8172950744628906,0.9199999809265137
2637,0.5791224837303162,0.8399999618530274
2638,0.8070558309555054,0.7599999904632568
2639,0.5012855529785156,0.6
2640,0.4700552523136139,0.2
2641,0.6837278604507446,0.7199999809265136
2642,0.41560348868370056,0.1600000023841858
2643,0.8149809241294861,0.4400000095367432
2644,0.8882289528846741,0.8399999618530274
2645,0.8297351598739624,0.8399999618530274
2646,0.6870759129524231,0.6800000190734863
2647,0.41805166006088257,0.25999999046325684
2648,0.4829777181148529,0.24000000953674316
2649,0.4897639751434326,0.7199999809265136
2650,0.5423386693000793,0.6400000095367432
2651,0.4312307834625244,0.2
2652,0.6612840890884399,0.6
2653,0.6068951487541199,0.7599999904632568
2654,0.779835045337677,0.3200000047683716
2655,0.3923637568950653,0.24000000953674316
2656,0.893798828125,0.6800000190734863
2657,0.3656402826309204,0.0800000011920929
2658,0.8621153235435486,0.9600000381469727
2659,-0.07219821959733963,0.0
2660,0.15280655026435852,0.0800000011920929
2661,0.476798415184021,0.5599999904632569
2662,0.3267258107662201,0.7199999809265136
2663,0.15000388026237488,0.4
2664,0.6055902242660522,0.8
2665,0.748345673084259,0.7599999904632568
2666,0.3591660261154175,0.3599999904632568
2667,0.1706419289112091,0.04000000059604645
2668,0.38242805004119873,0.4
2669,0.8963367342948914,1.0
2670,0.16117775440216064,0.0
2671,0.6490122079849243,0.7199999809265136
2672,0.7413153052330017,0.7199999809265136
2673,0.45820483565330505,0.6800000190734863
2674,0.3645317852497101,0.04000000059604645
2675,0.7891982197761536,0.8800000190734864
2676,0.25321027636528015,0.12000000476837158
2677,0.29291099309921265,0.0800000011920929
2678,0.8411976099014282,0.9199999809265137
2679,0.5432645082473755,0.5199999809265137
2680,0.8945678472518921,0.5599999904632569
2681,0.66661536693573,0.6400000095367432
2682,0.3403935134410858,0.4
2683,0.6321608424186707,0.3599999904632568
2684,0.4606632888317108,0.0800000011920929
2685,0.29163414239883423,0.27999999523162844
2686,0.23967602849006653,0.24000000953674316
2687,0.38583076000213623,0.5199999809265137
2688,0.31489717960357666,0.48000001907348633
2689,0.7974886894226074,0.8399999618530274
2690,0.7582615613937378,1.0
2691,0.4763389825820923,0.0800000011920929
2692,0.6874016523361206,0.3200000047683716
2693,0.6124627590179443,0.6400000095367432
2694,0.9569912552833557,0.8800000190734864
2695,0.8992131948471069,0.9600000381469727
2696,0.8551442623138428,1.0
2697,0.6392166018486023,0.534000015258789
2698,-0.0032800203189253807,0.0
2699,0.8222925066947937,1.0
2700,0.32725533843040466,0.6
2701,0.8916479349136353,0.9600000381469727
2702,0.5933234095573425,0.48000001907348633
2703,0.9011929631233215,1.0
2704,0.9684733152389526,0.9600000381469727
2705,0.7812198400497437,1.0
2706,0.6134458780288696,0.6400000095367432
2707,0.33544838428497314,0.24000000953674316
2708,0.8108235597610474,1.0
2709,0.8620472550392151,0.9199999809265137
2710,0.6415345668792725,0.4
2711,0.4087659418582916,0.3599999904632568
2712,0.7803418040275574,0.6
2713,0.6944160461425781,0.7599999904632568
2714,0.8754819631576538,0.8
2715,0.889986515045166,0.9600000381469727
2716,0.7684911489486694,0.9600000381469727
2717,0.3768121302127838,0.5599999904632569
2718,0.5698181986808777,0.5199999809265137
2719,0.6178972125053406,0.8800000190734864
2720,0.8290162682533264,0.9199999809265137
2721,0.7433318495750427,0.4400000095367432
2722,0.12625926733016968,0.0800000011920929
2723,0.29064834117889404,0.0800000011920929
2724,0.5669313073158264,0.27999999523162844
2725,0.8262114524841309,0.9600000381469727
2726,0.8060452938079834,0.8800000190734864
2727,0.9832889437675476,1.0
2728,0.5008231997489929,0.4
2729,0.7042004466056824,1.0
2730,0.9638401865959167,1.0
2731,0.9394949674606323,1.0
2732,0.9344992637634277,1.0
2733,0.8474065065383911,0.8
2734,0.42259079217910767,0.6
2735,0.6972372531890869,0.6
2736,0.9250952005386353,1.0
2737,0.7071889042854309,0.8
2738,0.4663299322128296,0.4
2739,0.29813632369041443,0.2
2740,0.6407187581062317,0.8
2741,0.3894922435283661,0.0
2742,0.5103725790977478,0.4
2743,0.8873116374015808,1.0
2744,0.46831148862838745,0.6
2745,0.3618117570877075,0.4
2746,0.656902551651001,0.4
2747,0.10164088755846024,0.0
2748,0.6077425479888916,0.0
2749,0.19565469026565552,0.2
2750,0.2216631919145584,0.2
2751,0.5290782451629639,0.2
2752,0.686371922492981,0.4
2753,0.12569113075733185,0.0
2754,0.5654779076576233,0.2
2755,0.3949587941169739,0.2
2756,0.046061474829912186,0.0
2757,0.46728694438934326,0.0
