,preds
0,0.8270498514175415
1,0.7603306770324707
2,0.9171580076217651
3,0.8082877397537231
4,0.8480661511421204
5,0.9157310724258423
6,0.8756905198097229
7,0.7458378672599792
8,0.6311072111129761
9,0.9570115208625793
10,0.9050981402397156
11,0.8959861397743225
12,0.502329409122467
13,0.63761305809021
14,0.8158378601074219
15,0.8351577520370483
16,0.7509191036224365
17,0.8724095821380615
18,0.7695315480232239
19,0.7487941980361938
20,0.7902941703796387
21,0.9269920587539673
22,0.8152459859848022
23,0.7353262901306152
24,0.8792660236358643
25,0.9439045190811157
26,0.8259083032608032
27,0.5899825692176819
28,0.9493345618247986
29,0.6948544383049011
30,0.8048261404037476
31,0.5586984753608704
32,0.7586958408355713
33,0.7451644539833069
34,0.7375675439834595
35,0.9335570335388184
36,0.7999140620231628
37,0.8481559157371521
38,0.8774582147598267
39,0.7055097818374634
40,0.7069637775421143
41,0.7665338516235352
42,0.843523383140564
43,0.8703792095184326
44,0.9436483383178711
45,0.6737672090530396
46,0.5371972322463989
47,0.9263893961906433
48,0.72519451379776
49,0.7554618716239929
50,0.8697054982185364
51,0.810103714466095
52,0.5585775971412659
53,0.7192742824554443
54,0.857696533203125
55,0.8567173480987549
56,0.9617652297019958
57,1.0
58,0.9124045372009277
59,0.9155829548835754
60,0.8263205885887146
61,0.6642488837242126
62,0.857110857963562
63,0.9358556270599365
64,0.8763167262077332
65,0.6777302622795105
66,0.7121572494506836
67,0.8114272952079773
68,0.9030373692512512
69,0.4616397023200989
70,1.0
71,0.8613672256469727
72,0.6230380535125732
73,0.8510354161262512
74,0.7927892804145813
75,0.7743957042694092
76,0.7871317267417908
77,0.8042482137680054
78,0.8893244862556458
79,0.7773376703262329
80,0.857354998588562
81,0.9137293100357056
82,0.6051760911941528
83,0.8583512306213379
84,0.6782567501068115
85,0.74127197265625
86,0.9094654321670532
87,0.7514245510101318
88,0.6251518130302429
89,0.8573147058486938
90,0.6478979587554932
91,0.6554573178291321
92,0.5000883340835571
93,0.7507225275039673
94,0.38933196663856506
95,0.9624861478805542
96,0.9562795162200928
97,0.9682416915893555
98,0.7195159792900085
99,0.8039976358413696
100,0.8273394703865051
101,0.9344250559806824
102,0.9782590866088867
103,0.6632477641105652
104,0.9406902194023132
105,0.8157907724380493
106,0.704397439956665
107,0.7586851119995117
108,0.9348483681678772
109,0.6037305593490601
110,0.8901522755622864
111,0.9386616945266724
112,0.7104215025901794
113,0.8670519590377808
114,0.5776332020759583
115,0.8671845197677612
116,0.8284972906112671
117,0.7232962846755981
118,0.6384591460227966
119,0.9215074777603149
120,0.935835599899292
121,0.828165590763092
122,0.7279893755912781
123,0.8804233074188232
124,0.9654545187950134
125,0.93355393409729
126,0.6922249794006348
127,0.8539459705352783
128,0.7613745927810669
129,0.8827823400497437
130,0.8943936824798584
131,0.6830340027809143
132,0.8256221413612366
133,0.696303129196167
134,0.646210789680481
135,0.6994613409042358
136,0.9096992611885071
137,0.8506902456283569
138,0.8479645252227783
139,0.9203624129295349
140,0.9564521312713623
141,0.778945803642273
142,0.610701322555542
143,0.9155226349830627
144,0.6644923686981201
145,0.7777290940284729
146,0.8398109674453735
147,0.8810322880744934
148,0.7113685607910156
149,0.32426801323890686
150,0.847317099571228
151,0.6839868426322937
152,0.8413856029510498
153,0.8921685218811035
154,0.3896425664424896
155,0.9097890853881836
156,0.7540167570114136
157,0.8223457336425781
158,0.8743016719818115
159,0.7358129620552063
160,0.7374553680419922
161,0.9964194893836975
162,0.6172046065330505
163,0.8850365877151489
164,0.8975622653961182
165,0.4647305905818939
166,0.33265233039855957
167,0.6121284365653992
168,0.9261765480041504
169,0.7189854383468628
170,0.9382725954055786
171,0.9130870699882507
172,0.4829283058643341
173,0.8132966756820679
174,0.7659973502159119
175,0.49046534299850464
176,0.9227257966995239
177,0.9032313823699951
178,0.9273744821548462
179,0.7684965133666992
180,0.8742232322692871
181,0.7041547894477844
182,0.8564354181289673
183,0.818691611289978
184,0.8697174191474915
185,0.826474666595459
186,0.6010861396789551
187,0.8575816750526428
188,0.8644750118255615
189,0.6501320600509644
190,0.7876957654953003
191,0.9629101753234863
192,0.7812032103538513
193,0.8395549058914185
194,0.8844815492630005
195,0.6926431655883789
196,0.774306058883667
197,0.6895408630371094
198,0.8892762660980225
199,0.9137285351753235
200,0.9236799478530884
201,0.5622751712799072
202,0.9326192140579224
203,0.9953906536102295
204,0.16074474155902863
205,0.2932116389274597
206,0.8213751316070557
207,0.5036330223083496
208,0.7391725778579712
209,0.7078171968460083
210,0.5878133177757263
211,0.8336628675460815
212,0.9709504842758179
213,0.7622730135917664
214,0.6634989976882935
215,0.6375395059585571
216,0.8681522011756897
217,0.7241329550743103
218,0.8248465061187744
219,0.9263466596603394
220,0.9644992351531982
221,0.9410458207130432
222,0.9722728729248047
223,0.8528081178665161
224,0.823880136013031
225,0.67396479845047
226,0.7039363980293274
227,0.9698267579078674
228,0.9889591932296753
229,0.4971642792224884
230,0.8825180530548096
231,0.5915378332138062
232,0.9142816066741943
233,0.8207288980484009
234,0.8403192758560181
235,0.6903462409973145
236,0.625424861907959
237,0.7995052933692932
238,0.863400936126709
239,0.8338401913642883
240,0.8282029628753662
241,0.7689285278320312
242,0.7494286298751831
243,0.8968588709831238
244,0.6684516668319702
245,0.8103327751159668
246,0.8937057852745056
247,0.8705075979232788
248,0.7926639318466187
249,0.7061010599136353
250,0.8786438703536987
251,0.8074458837509155
252,0.4380933940410614
253,0.821241557598114
